statisYy,jmCd,jmNm,grdCd,grdNm,mdobligFldCd,mdobligFldNm,mjrYnCcd,accumAcquCnt,yy1AcquCnt,yy2AcquCnt,yy3AcquCnt,yy4AcquCnt,yy5AcquCnt,yy6AcquCnt
2025,11,용접기술사,10,기술사,174,용접,N,415,356,11,11,6,13,18
2025,12,금형기술사,10,기술사,167,금형.공작기계,N,470,320,33,10,27,39,41
2025,50,차량기술사,10,기술사,166,자동차,N,333,287,14,4,10,12,6
2025,60,산업기계설비기술사,10,기술사,162,기계장비설비.설치,N,779,743,7,8,3,9,9
2025,71,공조냉동기계기술사,10,기술사,162,기계장비설비.설치,N,1126,1006,25,34,15,12,34
2025,80,건설기계기술사,10,기술사,162,기계장비설비.설치,N,901,801,13,31,18,20,18
2025,94,금속제련기술사,10,기술사,171,금속.재료,N,166,156,2,2,3,2,1
2025,110,금속재료기술사,10,기술사,171,금속.재료,N,403,337,9,12,18,17,10
2025,120,표면처리기술사,10,기술사,175,도장.도금,N,95,87,3,0,2,2,1
2025,130,금속가공기술사,10,기술사,171,금속.재료,N,141,113,6,6,7,7,2
2025,210,화공기술사,10,기술사,181,화공,N,634,590,15,9,8,5,7
2025,230,발송배전기술사,10,기술사,201,전기,N,951,817,60,23,12,20,19
2025,250,전기응용기술사,10,기술사,201,전기,N,321,270,14,10,10,6,11
2025,261,철도신호기술사,10,기술사,201,전기,N,176,135,11,8,6,6,10
2025,270,산업계측제어기술사,10,기술사,202,전자,N,200,170,10,4,6,4,6
2025,301,전자응용기술사,10,기술사,202,전자,N,57,44,4,2,2,2,3
2025,320,조선기술사,10,기술사,164,조선,N,350,314,13,8,4,3,8
2025,360,항공기체기술사,10,기술사,165,항공,N,93,84,1,2,1,3,2
2025,370,항공기관기술사,10,기술사,165,항공,N,115,98,6,4,4,1,2
2025,390,토질및기초기술사,10,기술사,142,토목,N,1855,1566,61,48,39,62,79
2025,400,토목구조기술사,10,기술사,142,토목,N,1621,1467,56,21,23,30,24
2025,410,항만및해안기술사,10,기술사,142,토목,N,280,259,4,2,7,6,2
2025,420,도로및공항기술사,10,기술사,142,토목,N,1476,1325,40,30,31,35,15
2025,430,철도기술사,10,기술사,142,토목,N,546,435,26,18,24,26,17
2025,431,철도차량기술사,10,기술사,163,철도,N,161,113,5,6,14,7,16
2025,432,전기철도기술사,10,기술사,201,전기,N,201,173,3,8,5,6,6
2025,451,수자원개발기술사,10,기술사,142,토목,N,647,520,28,31,17,28,23
2025,460,상하수도기술사,10,기술사,142,토목,N,1100,893,50,51,42,36,28
2025,470,농어업토목기술사,10,기술사,142,토목,N,438,387,16,10,5,7,13
2025,480,토목시공기술사,10,기술사,142,토목,N,11497,10209,245,253,207,321,262
2025,481,토목품질시험기술사,10,기술사,142,토목,N,580,490,16,24,17,17,16
2025,490,건축구조기술사,10,기술사,141,건축,N,1385,1156,48,69,29,39,44
2025,500,건축기술사(건축설비),10,기술사,141,건축,N,2,2,0,0,0,0,0
2025,501,건축기계설비기술사,10,기술사,141,건축,N,1497,1364,31,25,20,24,33
2025,502,건축전기설비기술사,10,기술사,201,전기,N,1133,982,31,24,26,36,34
2025,510,건축시공기술사,10,기술사,141,건축,N,10836,10082,157,148,110,136,203
2025,511,건축품질시험기술사,10,기술사,141,건축,N,267,244,4,4,4,9,2
2025,551,섬유기술사,10,기술사,191,섬유,N,188,168,7,3,5,4,1
2025,560,생사기술사,10,기술사,191,섬유,N,11,11,0,0,0,0,0
2025,561,의류기술사,10,기술사,191,섬유,N,42,35,0,2,1,1,3
2025,570,자원관리기술사,10,기술사,151,채광,N,110,110,0,0,0,0,0
2025,575,광해방지기술사,10,기술사,152,광해방지,N,46,46,0,0,0,0,0
2025,591,화약류관리기술사,10,기술사,151,채광,N,157,150,1,2,2,2,0
2025,601,정보관리기술사,10,기술사,211,정보기술,N,1505,1191,108,60,49,56,41
2025,621,정보통신기술사,10,기술사,213,통신,N,508,508,0,0,0,0,0
2025,622,컴퓨터시스템응용기술사,10,기술사,211,정보기술,N,776,741,9,10,4,5,7
2025,630,에너지기술사(원자력),10,기술사,262,에너지.기상,N,5,5,0,0,0,0,0
2025,640,에너지기술사(방사선가공),10,기술사,262,에너지.기상,N,6,6,0,0,0,0,0
2025,650,도시계획기술사,10,기술사,144,도시.교통,N,585,496,39,10,8,16,16
2025,660,"대기관리,수질관리,소음진동기술사",10,기술사,261,환경,N,1,1,0,0,0,0,0
2025,670,조경기술사,10,기술사,143,조경,N,530,438,15,18,25,22,12
2025,680,측량및지형공간정보기술사,10,기술사,142,토목,N,538,497,9,7,7,9,9
2025,690,지적기술사,10,기술사,142,토목,N,304,256,7,10,7,15,9
2025,700,해양기술사,10,기술사,142,토목,N,141,111,7,4,7,6,6
2025,701,수산양식기술사,10,기술사,244,어업,N,90,80,3,1,1,3,2
2025,702,어업기술사,10,기술사,244,어업,N,50,37,4,1,2,2,4
2025,710,기계안전기술사,10,기술사,251,안전관리,N,430,283,30,27,38,27,25
2025,710,기계안전기술사,10,기술사,251,안전관리,Y,1,1,0,0,0,0,0
2025,720,화공안전기술사,10,기술사,251,안전관리,N,279,198,26,11,9,18,17
2025,730,전기안전기술사,10,기술사,251,안전관리,N,548,474,22,16,5,13,18
2025,740,건설안전기술사,10,기술사,251,안전관리,N,2404,1934,57,116,100,98,99
2025,740,건설안전기술사,10,기술사,251,안전관리,Y,2,1,1,0,0,0,0
2025,750,소방기술사,10,기술사,251,안전관리,N,1205,1058,48,25,23,34,17
2025,750,소방기술사,10,기술사,251,안전관리,Y,2,2,0,0,0,0,0
2025,751,산업위생관리기술사,10,기술사,251,안전관리,N,408,363,11,9,8,9,8
2025,751,산업위생관리기술사,10,기술사,251,안전관리,Y,27,19,2,0,1,4,1
2025,752,가스기술사,10,기술사,251,안전관리,N,413,379,5,4,5,6,14
2025,752,가스기술사,10,기술사,251,안전관리,Y,2,2,0,0,0,0,0
2025,760,공장관리기술사,10,기술사,24,생산관리,N,345,281,5,4,23,14,18
2025,770,품질관리기술사,10,기술사,24,생산관리,N,791,614,39,40,42,29,27
2025,780,포장기술사,10,기술사,24,생산관리,N,208,174,6,6,10,7,5
2025,790,세라믹기술사,10,기술사,171,금속.재료,N,66,56,5,1,2,0,2
2025,800,식품기술사,10,기술사,221,식품,N,1078,947,20,19,29,20,43
2025,801,산림기술사,10,기술사,243,임업,N,223,198,5,2,9,2,7
2025,802,비파괴검사기술사,10,기술사,252,비파괴검사,N,107,91,2,3,3,2,6
2025,810,수산제조기술사,10,기술사,221,식품,N,91,75,3,3,3,4,3
2025,825,지질및지반기술사,10,기술사,142,토목,N,857,777,14,15,14,17,20
2025,840,종자기술사,10,기술사,241,농업,N,196,178,4,4,5,3,2
2025,841,시설원예기술사,10,기술사,241,농업,N,141,120,7,6,3,3,2
2025,851,축산기술사,10,기술사,242,축산,N,196,181,4,3,3,1,4
2025,871,기계기술사(정밀측정),10,기술사,161,기계제작,N,10,10,0,0,0,0,0
2025,872,기계기술사,10,기술사,161,기계제작,N,351,316,9,4,14,3,5
2025,875,인간공학기술사,10,기술사,251,안전관리,N,203,127,17,11,13,16,19
2025,875,인간공학기술사,10,기술사,251,안전관리,Y,17,8,0,2,2,3,2
2025,880,원자력발전기술사,10,기술사,262,에너지.기상,N,437,437,0,0,0,0,0
2025,891,기상예보기술사,10,기술사,262,에너지.기상,N,74,53,3,4,1,5,8
2025,910,방사선관리기술사,10,기술사,262,에너지.기상,N,91,91,0,0,0,0,0
2025,920,대기관리기술사,10,기술사,261,환경,N,313,284,3,6,3,7,10
2025,930,수질관리기술사,10,기술사,261,환경,N,440,376,21,12,10,11,10
2025,938,자연환경관리기술사,10,기술사,261,환경,N,324,254,14,13,25,10,8
2025,940,소음진동기술사,10,기술사,261,환경,N,243,228,3,2,3,6,1
2025,948,토양환경기술사,10,기술사,261,환경,N,190,157,6,10,8,1,8
2025,950,농화학기술사,10,기술사,241,농업,N,143,131,3,1,2,3,3
2025,951,교통기술사,10,기술사,144,도시.교통,N,585,508,13,3,20,16,25
2025,960,제품디자인기술사,10,기술사,82,디자인,N,77,34,9,8,9,12,5
2025,970,폐기물처리기술사,10,기술사,261,환경,N,289,266,2,6,4,5,6
2025,3021,기계가공기능장,20,기능장,161,기계제작,N,5065,4281,114,148,193,164,165
2025,3061,금형기능장,20,기능장,167,금형.공작기계,N,508,387,10,24,34,33,20
2025,3070,기계제도기능장,20,기능장,161,기계제작,N,5,5,0,0,0,0,0
2025,3081,배관기능장,20,기능장,145,건설배관,N,10164,7442,578,466,536,611,531
2025,3095,판금제관기능장,20,기능장,172,판금.제관.새시,N,301,244,5,17,10,13,12
2025,3100,용접기능장,20,기능장,174,용접,N,10241,8987,325,251,247,216,215
2025,3110,자동차정비기능장,20,기능장,166,자동차,N,4429,3924,144,56,46,177,82
2025,3120,건설기계정비기능장,20,기능장,162,기계장비설비.설치,N,441,284,14,17,54,27,45
2025,3121,기계정비기능장,20,기능장,162,기계장비설비.설치,N,9,9,0,0,0,0,0
2025,3122,항공정비기능장,20,기능장,165,항공,N,3,3,0,0,0,0,0
2025,3150,철도차량정비기능장,20,기능장,163,철도,N,475,321,88,9,17,16,24
2025,3170,에너지관리기능장,20,기능장,262,에너지.기상,N,6438,3806,446,410,553,618,605
2025,3185,섬유기계기능장,20,기능장,191,섬유,N,8,8,0,0,0,0,0
2025,3200,주조기능장,20,기능장,173,단조.주조,N,1208,543,160,49,104,179,173
2025,3210,표면처리기능장,20,기능장,175,도장.도금,N,321,188,6,20,33,45,29
2025,3221,금속재료기능장,20,기능장,171,금속.재료,N,2249,1296,149,89,186,265,264
2025,3230,제선기능장,20,기능장,171,금속.재료,N,2736,914,414,400,427,300,281
2025,3240,제강기능장,20,기능장,171,금속.재료,N,3104,1550,392,240,435,270,217
2025,3260,목형기능장,20,기능장,141,건축,N,25,25,0,0,0,0,0
2025,3270,압연기능장,20,기능장,171,금속.재료,N,2719,1205,239,360,387,283,245
2025,3360,위험물기능장,20,기능장,182,위험물,N,22970,10813,1966,1739,3305,2450,2697
2025,3375,가스기능장,20,기능장,251,안전관리,N,6036,3849,411,558,330,381,507
2025,3375,가스기능장,20,기능장,251,안전관리,Y,36,21,3,9,0,1,2
2025,3380,전기기능장,20,기능장,201,전기,N,9126,7322,272,382,308,476,366
2025,3410,전자기능장,20,기능장,202,전자,N,2487,2186,22,46,51,71,111
2025,3611,건축목재시공기능장,20,기능장,141,건축,N,114,94,4,6,1,4,5
2025,3621,건축일반시공기능장,20,기능장,141,건축,N,101,83,3,1,7,1,6
2025,3643,한복기능장,20,기능장,192,의복,N,32,0,0,0,15,12,5
2025,3671,염색기능장,20,기능장,191,섬유,N,12,12,0,0,0,0,0
2025,3710,광산기계운전및수리기능장,20,기능장,151,채광,N,2,2,0,0,0,0,0
2025,3770,귀금속가공기능장,20,기능장,232,목재.가구.공예,N,122,110,1,3,2,6,0
2025,3861,산림기능장,20,기능장,243,임업,N,31,31,0,0,0,0,0
2025,3891,비파괴검사기능장,20,기능장,252,비파괴검사,N,9,9,0,0,0,0,0
2025,3911,잠수기능장,20,기능장,142,토목,N,19,8,1,3,4,2,1
2025,3920,통신설비기능장,20,기능장,213,통신,N,625,625,0,0,0,0,0
2025,3922,조리기능장,20,기능장,131,조리,N,1051,793,56,53,50,41,58
2025,3923,제과기능장,20,기능장,222,제과.제빵,N,1376,1143,37,35,61,37,63
2025,3924,미용장,20,기능장,121,이용.미용,N,1469,1255,55,45,52,39,23
2025,3925,이용장,20,기능장,121,이용.미용,N,754,644,30,29,15,22,14
2025,1021,일반기계기사,30,기사,161,기계제작,N,59921,44322,4910,3643,2985,2117,1944
2025,1022,용접기사,30,기사,174,용접,N,2015,1712,59,43,79,64,58
2025,1023,농업기계기사,30,기사,162,기계장비설비.설치,N,68,61,2,0,2,2,1
2025,1024,사출금형기사,30,기사,167,금형.공작기계,N,248,197,11,9,9,14,8
2025,1025,프레스금형기사,30,기사,167,금형.공작기계,N,179,143,6,7,6,11,6
2025,1026,윤활관리기사,30,기사,162,기계장비설비.설치,N,3,3,0,0,0,0,0
2025,1027,그린전동자동차기사,30,기사,166,자동차,N,96,62,0,1,2,24,7
2025,1028,온실가스관리기사,30,기사,261,환경,N,3508,1574,236,321,382,512,483
2025,1029,환경위해관리기사,30,기사,261,환경,N,341,88,55,76,34,75,13
2025,1030,철도차량기사,30,기사,163,철도,N,74,71,1,0,2,0,0
2025,1040,건설기계설비기사,30,기사,162,기계장비설비.설치,N,29323,24147,1602,1358,956,649,611
2025,1048,콘크리트기사,30,기사,142,토목,N,10708,7477,610,530,786,631,674
2025,1050,건설기계정비기사,30,기사,162,기계장비설비.설치,N,1757,1718,13,3,10,5,8
2025,1051,궤도장비정비기사,30,기사,162,기계장비설비.설치,N,67,49,0,8,7,1,2
2025,1060,메카트로닉스기사,30,기사,162,기계장비설비.설치,N,101,101,0,0,0,0,0
2025,1070,자동차정비기사,30,기사,166,자동차,N,13967,13438,89,130,77,133,100
2025,1091,정밀측정기사,30,기사,161,기계제작,N,95,95,0,0,0,0,0
2025,1092,정밀측정기사,30,기사,161,기계제작,N,1,1,0,0,0,0,0
2025,1093,정밀측정기사,30,기사,161,기계제작,N,97,97,0,0,0,0,0
2025,1100,금속기사1급,30,기사,171,금속.재료,N,669,669,0,0,0,0,0
2025,1104,금속재료기사,30,기사,171,금속.재료,N,5492,4572,268,129,154,197,172
2025,1110,화공기사,30,기사,181,화공,N,23840,20508,1691,623,438,235,345
2025,1114,신재생에너지발전설비기사(태양광),30,기사,262,에너지.기상,N,9838,5692,827,748,992,836,743
2025,1121,임베디드기사,30,기사,202,전자,N,219,127,10,1,29,28,24
2025,1130,화약류제조기사,30,기사,181,화공,N,573,476,16,23,13,28,17
2025,1140,화약류관리기사,30,기사,151,채광,N,3912,3511,73,75,88,81,84
2025,1150,전기기사,30,기사,201,전기,N,172751,117112,9923,12904,8775,10117,13920
2025,1160,전기공사기사,30,기사,201,전기,N,110727,86735,4511,6041,5315,3461,4664
2025,1170,전자기사,30,기사,202,전자,N,8780,8572,63,54,54,25,12
2025,1175,반도체설계기사,30,기사,202,전자,N,116,110,6,0,0,0,0
2025,1176,의공기사,30,기사,202,전자,N,2666,1788,317,186,196,102,77
2025,1177,로봇기구개발기사,30,기사,202,전자,N,32,1,1,3,11,7,9
2025,1178,로봇소프트웨어개발기사,30,기사,202,전자,N,42,1,6,5,13,5,12
2025,1179,로봇하드웨어개발기사,30,기사,202,전자,N,10,0,1,2,1,1,5
2025,1192,정보통신기사,30,기사,213,통신,N,13115,13115,0,0,0,0,0
2025,1194,방송통신기사,30,기사,212,방송.무선,N,196,196,0,0,0,0,0
2025,1200,무선설비기사,30,기사,212,방송.무선,N,30872,30872,0,0,0,0,0
2025,1220,조선기사,30,기사,164,조선,N,1519,1443,33,43,0,0,0
2025,1221,조선선체기사,30,기사,164,조선,N,70,0,0,0,23,21,26
2025,1222,조선의장기사,30,기사,164,조선,N,31,0,0,0,5,9,17
2025,1240,항공기사,30,기사,165,항공,N,705,693,1,3,1,2,5
2025,1250,토목기사,30,기사,142,토목,N,134631,119897,2948,2515,3365,2220,3686
2025,1282,실내건축기사,30,기사,141,건축,N,19579,13686,1226,1142,1138,1154,1233
2025,1290,섬유기사1급,30,기사,191,섬유,N,1197,1197,0,0,0,0,0
2025,1291,섬유기계기사,30,기사,191,섬유,N,65,65,0,0,0,0,0
2025,1292,염색가공기사,30,기사,191,섬유,N,112,112,0,0,0,0,0
2025,1293,방사기사,30,기사,191,섬유,N,37,37,0,0,0,0,0
2025,1297,섬유기사,30,기사,191,섬유,N,110,105,2,0,3,0,0
2025,1300,생사기사,30,기사,191,섬유,N,17,17,0,0,0,0,0
2025,1301,의류기사,30,기사,191,섬유,N,680,629,22,6,4,4,15
2025,1320,정보처리기사,30,기사,211,정보기술,N,707796,631920,16329,11119,12211,19886,16331
2025,1321,전자계산기기사,30,기사,202,전자,N,3467,3298,68,69,10,13,9
2025,1322,전자계산기조직응용기사,30,기사,211,정보기술,N,7415,6656,383,206,29,8,133
2025,1330,원자력기사,30,기사,262,에너지.기상,N,650,650,0,0,0,0,0
2025,1340,에너지관리기사,30,기사,262,에너지.기상,N,24716,17672,623,1126,2052,1486,1757
2025,1350,도시계획기사,30,기사,144,도시.교통,N,17248,13065,787,588,873,843,1092
2025,1351,항로표지기사,30,기사,142,토목,N,495,415,0,8,0,34,38
2025,1370,조경기사,30,기사,143,조경,N,22895,18863,730,865,652,1123,662
2025,1380,측량및지형공간정보기사,30,기사,142,토목,N,21667,18588,539,645,657,731,507
2025,1390,지적기사,30,기사,142,토목,N,16729,14341,525,608,487,404,364
2025,1391,인쇄설계기사,30,기사,231,인쇄.사진,N,966,883,16,15,20,30,2
2025,1400,해양기사1급,30,기사,142,토목,N,27,27,0,0,0,0,0
2025,1401,해양환경기사,30,기사,142,토목,N,2054,1165,145,121,193,211,219
2025,1402,해양자원개발기사,30,기사,142,토목,N,89,77,1,4,6,0,1
2025,1403,해양공학기사,30,기사,142,토목,N,139,134,4,0,1,0,0
2025,1431,산업안전기사,30,기사,251,안전관리,N,213309,96170,14889,15228,27478,29811,29733
2025,1431,산업안전기사,30,기사,251,안전관리,Y,6833,1876,428,459,1165,1386,1519
2025,1440,건설안전기사,30,기사,251,안전관리,N,111918,62504,5495,10220,12407,12174,9118
2025,1440,건설안전기사,30,기사,251,안전관리,Y,791,210,44,101,158,167,111
2025,1441,화재감식평가기사,30,기사,251,안전관리,N,12955,3785,1792,1988,2145,1801,1444
2025,1441,화재감식평가기사,30,기사,251,안전관리,Y,756,67,87,126,164,157,155
2025,1442,농작업안전보건기사,30,기사,251,안전관리,N,1224,423,109,29,315,76,272
2025,1442,농작업안전보건기사,30,기사,251,안전관리,Y,111,43,9,4,32,7,16
2025,1443,방재기사,30,기사,251,안전관리,N,1544,32,381,291,316,157,367
2025,1443,방재기사,30,기사,251,안전관리,Y,6,0,1,1,1,1,2
2025,1450,광산보안기사,30,기사,151,채광,N,2379,2379,0,0,0,0,0
2025,1460,지하수기사,30,기사,151,채광,N,67,67,0,0,0,0,0
2025,1471,가스기사,30,기사,251,안전관리,N,13598,11057,736,521,516,457,311
2025,1471,가스기사,30,기사,251,안전관리,Y,69,44,9,6,4,2,4
2025,1472,산업위생관리기사,30,기사,251,안전관리,N,19370,10834,1329,1600,1752,1890,1965
2025,1472,산업위생관리기사,30,기사,251,안전관리,Y,10787,3607,638,1030,1522,2037,1953
2025,1500,품질경영기사,30,기사,24,생산관리,N,38609,33818,1157,743,1020,953,918
2025,1511,포장기사,30,기사,24,생산관리,N,198,113,3,5,40,13,24
2025,1512,제품디자인기사,30,기사,82,디자인,N,247,220,12,3,7,1,4
2025,1513,광학기사,30,기사,202,전자,N,581,493,51,16,5,10,6
2025,1520,세라믹기사,30,기사,171,금속.재료,N,616,616,0,0,0,0,0
2025,1530,식품안전기사,30,기사,221,식품,N,30000,22488,1264,1920,1469,1255,1604
2025,1540,수산제조기사,30,기사,221,식품,N,1438,1406,12,2,12,1,5
2025,1541,식육가공기사,30,기사,221,식품,N,211,88,37,22,24,26,14
2025,1550,응용지질기사,30,기사,142,토목,N,4771,4146,111,69,132,144,169
2025,1555,승강기기사,30,기사,162,기계장비설비.설치,N,4810,3505,339,314,259,172,221
2025,1560,종자기사,30,기사,241,농업,N,11812,7461,642,967,987,927,828
2025,1562,식물보호기사,30,기사,243,임업,N,22525,13795,2027,1691,1210,1913,1889
2025,1563,화학분석기사,30,기사,181,화공,N,11549,8380,781,716,456,677,539
2025,1564,산림기사,30,기사,243,임업,N,25888,16185,1626,1453,2525,2462,1637
2025,1570,임업종묘기사,30,기사,243,임업,N,579,400,39,28,57,26,29
2025,1575,광해방지기사,30,기사,152,광해방지,N,125,125,0,0,0,0,0
2025,1576,화훼장식기사,30,기사,241,농업,N,2695,1938,107,166,150,174,160
2025,1581,축산기사,30,기사,242,축산,N,10174,6908,658,682,703,601,622
2025,1590,임산가공기사,30,기사,243,임업,N,962,774,53,49,59,15,12
2025,1592,유기농업기사,30,기사,241,농업,N,5991,3791,447,350,374,444,585
2025,1600,기상기사,30,기사,262,에너지.기상,N,4694,3915,198,79,174,137,191
2025,1601,기상감정기사,30,기사,262,에너지.기상,N,159,89,20,16,8,11,15
2025,1611,방사선비파괴검사기사,30,기사,252,비파괴검사,N,3595,3200,83,93,65,78,76
2025,1612,초음파비파괴검사기사,30,기사,252,비파괴검사,N,2357,2123,51,33,44,37,69
2025,1613,자기비파괴검사기사,30,기사,252,비파괴검사,N,4589,3870,120,131,160,178,130
2025,1614,침투비파괴검사기사,30,기사,252,비파괴검사,N,7887,6236,307,351,398,322,273
2025,1615,와전류비파괴검사기사,30,기사,252,비파괴검사,N,1194,916,62,38,52,55,71
2025,1616,비파괴검사기사1급(전자기침투),30,기사,252,비파괴검사,N,4,4,0,0,0,0,0
2025,1617,누설비파괴검사기사,30,기사,252,비파괴검사,N,1323,1081,60,51,42,48,41
2025,1621,수산양식기사,30,기사,244,어업,N,243,243,0,0,0,0,0
2025,1622,수산양식기사,30,기사,244,어업,N,93,93,0,0,0,0,0
2025,1623,수산양식기사,30,기사,244,어업,N,20,20,0,0,0,0,0
2025,1624,수산양식기사,30,기사,244,어업,N,62,62,0,0,0,0,0
2025,1625,수산양식기사,30,기사,244,어업,N,3131,2379,160,133,113,229,117
2025,1630,건축기사,30,기사,141,건축,N,171206,146866,5447,4099,4556,5280,4958
2025,1632,건축설비기사,30,기사,141,건축,N,21201,9851,1158,1368,3116,2406,3302
2025,1633,어업생산관리기사,30,기사,244,어업,N,416,388,1,9,2,4,12
2025,1640,공업계측제어기사,30,기사,202,전자,N,145,145,0,0,0,0,0
2025,1650,농화학기사,30,기사,241,농업,N,68,68,0,0,0,0,0
2025,1661,대기환경기사,30,기사,261,환경,N,47511,35330,2953,2217,1668,3247,2096
2025,1662,수질환경기사,30,기사,261,환경,N,61097,50654,2981,2249,1224,2073,1916
2025,1663,소음진동기사,30,기사,261,환경,N,4678,4139,118,113,118,76,114
2025,1670,"대기환경,수질환경,소음진동기사",30,기사,261,환경,N,853,853,0,0,0,0,0
2025,1703,계량기사,30,기사,161,기계제작,N,128,128,0,0,0,0,0
2025,1713,계량기사,30,기사,161,기계제작,N,146,146,0,0,0,0,0
2025,1720,계량기사,30,기사,161,기계제작,N,39,39,0,0,0,0,0
2025,1730,공조냉동기계기사,30,기사,162,기계장비설비.설치,N,24907,15779,1816,1503,1909,1907,1993
2025,1740,철도신호기사,30,기사,201,전기,N,1897,1466,74,63,104,83,107
2025,1741,전기철도기사,30,기사,201,전기,N,2989,2609,63,68,73,83,93
2025,1750,건설재료시험기사,30,기사,142,토목,N,29707,24978,853,804,1020,855,1197
2025,1751,교통기사,30,기사,144,도시.교통,N,8042,5941,397,335,562,313,494
2025,1760,철도토목기사,30,기사,142,토목,N,1090,766,41,80,100,18,85
2025,1780,시설원예기사,30,기사,241,농업,N,290,135,6,9,28,33,79
2025,1790,시각디자인기사,30,기사,82,디자인,N,2227,1641,157,144,108,92,85
2025,1800,바이오화학제품제조기사,30,기사,181,화공,N,2663,1010,236,301,339,333,444
2025,1837,설비보전기사,30,기사,162,기계장비설비.설치,N,20284,7616,977,1682,3261,5480,1268
2025,1875,인간공학기사,30,기사,251,안전관리,N,10331,1915,533,873,2314,3032,1664
2025,1875,인간공학기사,30,기사,251,안전관리,Y,2381,408,165,286,523,642,357
2025,1900,소방설비기사(기계분야),30,기사,251,안전관리,N,80466,56705,5697,2321,5374,4441,5928
2025,1900,소방설비기사(기계분야),30,기사,251,안전관리,Y,537,216,57,25,84,53,102
2025,1910,소방설비기사(전기분야),30,기사,251,안전관리,N,145807,104265,6599,8938,8544,9985,7476
2025,1910,소방설비기사(전기분야),30,기사,251,안전관리,Y,1185,523,89,138,136,150,149
2025,1929,생물분류기사,30,기사,261,환경,N,7,7,0,0,0,0,0
2025,1938,자연생태복원기사,30,기사,261,환경,N,6433,4435,473,403,341,367,414
2025,1948,토양환경기사,30,기사,261,환경,N,7269,5833,374,312,308,320,122
2025,1950,폐기물처리기사,30,기사,261,환경,N,15195,10885,910,1027,794,980,599
2025,1982,컬러리스트기사,30,기사,82,디자인,N,22855,19712,864,604,521,542,612
2025,1988,생물분류기사(식물),30,기사,261,환경,N,1321,554,109,158,169,179,152
2025,1989,생물분류기사(동물),30,기사,261,환경,N,1601,445,166,212,221,261,296
2025,1641,버섯산업기사,31,산업기사,243,임업,N,420,111,90,50,65,59,45
2025,2011,기계조립산업기사,31,산업기사,161,기계제작,N,11954,11829,46,12,24,27,16
2025,2012,판금제관산업기사,31,산업기사,172,판금.제관.새시,N,1378,1366,1,1,7,2,1
2025,2025,컴퓨터응용가공산업기사,31,산업기사,161,기계제작,N,53339,51034,425,556,550,369,405
2025,2026,용접산업기사,31,산업기사,174,용접,N,30516,27818,571,555,505,564,503
2025,2027,농업기계산업기사,31,산업기사,162,기계장비설비.설치,N,2056,1630,59,93,111,95,68
2025,2028,사출금형산업기사,31,산업기사,167,금형.공작기계,N,6574,6383,66,68,31,18,8
2025,2029,프레스금형산업기사,31,산업기사,167,금형.공작기계,N,3449,3401,17,17,4,5,5
2025,2030,철도차량산업기사,31,산업기사,163,철도,N,6231,6231,0,0,0,0,0
2025,2031,기계설계산업기사,31,산업기사,161,기계제작,N,25296,21529,1148,864,674,549,532
2025,2033,윤활관리산업기사,31,산업기사,162,기계장비설비.설치,N,9,9,0,0,0,0,0
2025,2034,자동화설비산업기사,31,산업기사,162,기계장비설비.설치,N,13450,12890,184,116,78,68,114
2025,2035,설비보전산업기사,31,산업기사,162,기계장비설비.설치,N,39602,31032,2028,1671,1995,2329,547
2025,2036,전기철도산업기사,31,산업기사,201,전기,N,276,194,5,2,15,35,25
2025,2037,온실가스관리산업기사,31,산업기사,261,환경,N,227,194,7,10,16,0,0
2025,2040,건설기계설비산업기사,31,산업기사,162,기계장비설비.설치,N,25852,25759,40,16,16,14,7
2025,2041,배관산업기사,31,산업기사,145,건설배관,N,1966,1951,0,0,1,2,12
2025,2045,철도운송산업기사,31,산업기사,91,운전.운송,N,11472,8493,444,340,546,653,996
2025,2047,영사산업기사,31,산업기사,83,방송,N,1013,1013,0,0,0,0,0
2025,2048,콘크리트산업기사,31,산업기사,142,토목,N,4079,3496,141,94,117,120,111
2025,2050,건설기계정비산업기사,31,산업기사,162,기계장비설비.설치,N,7687,6591,165,289,207,257,178
2025,2051,궤도장비정비산업기사,31,산업기사,162,기계장비설비.설치,N,576,445,28,21,32,29,21
2025,2070,자동차정비산업기사,31,산업기사,166,자동차,N,88391,81452,1683,1114,1343,1357,1442
2025,2085,패션머천다이징산업기사,31,산업기사,192,의복,N,3275,2771,142,141,57,92,72
2025,2098,정밀측정산업기사,31,산업기사,161,기계제작,N,218,218,0,0,0,0,0
2025,2100,금속기사2급,31,산업기사,171,금속.재료,N,1256,1256,0,0,0,0,0
2025,2101,금속재료산업기사,31,산업기사,171,금속.재료,N,15562,14372,245,242,242,217,244
2025,2102,금속제련산업기사,31,산업기사,171,금속.재료,N,39,39,0,0,0,0,0
2025,2103,금속기사2급,31,산업기사,171,금속.재료,N,204,204,0,0,0,0,0
2025,2104,정밀측정산업기사,31,산업기사,161,기계제작,N,7044,6357,125,139,170,144,109
2025,2105,주조산업기사,31,산업기사,173,단조.주조,N,2017,1999,5,2,6,1,4
2025,2106,표면처리산업기사,31,산업기사,175,도장.도금,N,599,497,18,17,36,8,23
2025,2107,재료조직평가산업기사,31,산업기사,171,금속.재료,N,81,71,1,0,4,0,5
2025,2108,광학기기산업기사,31,산업기사,202,전자,N,87,42,3,14,10,16,2
2025,2112,화공산업기사,31,산업기사,181,화공,N,6120,6120,0,0,0,0,0
2025,2114,신재생에너지발전설비산업기사(태양광),31,산업기사,262,에너지.기상,N,3701,2277,280,250,306,309,279
2025,2120,화약류제조산업기사,31,산업기사,181,화공,N,376,353,10,1,3,2,7
2025,2121,위험물산업기사,31,산업기사,182,위험물,N,125975,78644,8859,8709,9329,9701,10733
2025,2130,화약류관리산업기사,31,산업기사,151,채광,N,7003,6969,6,7,0,5,16
2025,2135,광산보안산업기사,31,산업기사,151,채광,N,705,705,0,0,0,0,0
2025,2136,지하수산업기사,31,산업기사,151,채광,N,26,26,0,0,0,0,0
2025,2140,전기산업기사,31,산업기사,201,전기,N,124240,100827,5024,3919,5670,3105,5695
2025,2142,가구제작산업기사,31,산업기사,232,목재.가구.공예,N,198,33,33,23,32,33,44
2025,2150,전기공사산업기사,31,산업기사,201,전기,N,76972,73915,720,776,453,676,432
2025,2160,철도신호산업기사,31,산업기사,201,전기,N,908,758,30,36,26,21,37
2025,2170,전자산업기사,31,산업기사,202,전자,N,22797,22484,123,93,62,26,9
2025,2175,반도체커스텀레이아웃산업기사,31,산업기사,202,전자,N,594,434,22,30,33,34,41
2025,2176,의공산업기사,31,산업기사,202,전자,N,953,855,52,20,11,7,8
2025,2177,3D프린터개발산업기사,31,산업기사,202,전자,N,111,43,26,13,15,5,9
2025,2192,정보통신산업기사,31,산업기사,213,통신,N,17078,17078,0,0,0,0,0
2025,2193,사무자동화산업기사,31,산업기사,211,정보기술,N,422982,398789,4905,4579,4728,4435,5546
2025,2194,방송통신산업기사,31,산업기사,212,방송.무선,N,568,568,0,0,0,0,0
2025,2200,무선설비산업기사,31,산업기사,212,방송.무선,N,28212,28212,0,0,0,0,0
2025,2210,통신선로산업기사,31,산업기사,213,통신,N,18183,18183,0,0,0,0,0
2025,2220,조선산업기사,31,산업기사,164,조선,N,1519,1415,40,26,15,12,11
2025,2230,항공산업기사,31,산업기사,165,항공,N,24049,19995,1248,1053,750,546,457
2025,2240,토목산업기사,31,산업기사,142,토목,N,39365,38158,205,237,244,265,256
2025,2251,건축일반시공산업기사,31,산업기사,141,건축,N,1884,1811,15,33,11,11,3
2025,2253,건축목공산업기사,31,산업기사,141,건축,N,1781,1544,47,50,40,44,56
2025,2254,목재창호산업기사,31,산업기사,141,건축,N,353,353,0,0,0,0,0
2025,2260,섬유기사2급,31,산업기사,191,섬유,N,1502,1502,0,0,0,0,0
2025,2261,방직산업기사,31,산업기사,191,섬유,N,64,64,0,0,0,0,0
2025,2262,섬유가공산업기사,31,산업기사,191,섬유,N,711,711,0,0,0,0,0
2025,2263,방사산업기사,31,산업기사,191,섬유,N,18,18,0,0,0,0,0
2025,2264,섬유디자인산업기사,31,산업기사,191,섬유,N,843,828,6,2,5,1,1
2025,2265,섬유기계산업기사,31,산업기사,191,섬유,N,251,251,0,0,0,0,0
2025,2266,편물산업기사,31,산업기사,191,섬유,N,184,184,0,0,0,0,0
2025,2267,양복산업기사,31,산업기사,192,의복,N,735,735,0,0,0,0,0
2025,2268,한복산업기사,31,산업기사,192,의복,N,746,665,43,38,0,0,0
2025,2270,생사산업기사,31,산업기사,191,섬유,N,578,578,0,0,0,0,0
2025,2277,섬유산업기사,31,산업기사,191,섬유,N,205,188,8,0,2,1,6
2025,2279,굴착산업기사,31,산업기사,151,채광,N,7,7,0,0,0,0,0
2025,2282,실내건축산업기사,31,산업기사,141,건축,N,17787,15800,674,393,280,347,293
2025,2290,정보처리산업기사,31,산업기사,211,정보기술,N,299755,287125,3783,1912,1933,2339,2663
2025,2300,원자력산업기사,31,산업기사,262,에너지.기상,N,108,108,0,0,0,0,0
2025,2301,패션디자인산업기사,31,산업기사,192,의복,N,4609,4415,53,43,39,35,24
2025,2302,신발산업기사,31,산업기사,192,의복,N,128,0,55,17,18,21,17
2025,2320,조경산업기사,31,산업기사,143,조경,N,14842,14029,195,179,136,249,54
2025,2324,전자계산기제어산업기사,31,산업기사,202,전자,N,12984,12892,12,18,19,26,17
2025,2330,측량및지형공간정보산업기사,31,산업기사,142,토목,N,19613,18075,327,329,356,297,229
2025,2331,공간정보융합산업기사,31,산업기사,142,토목,N,107,0,0,0,12,17,78
2025,2340,지적산업기사,31,산업기사,142,토목,N,23356,20963,753,588,490,317,245
2025,2350,해양조사산업기사,31,산업기사,142,토목,N,1758,1473,54,83,74,43,31
2025,2351,항로표지산업기사,31,산업기사,142,토목,N,184,174,0,2,3,2,3
2025,2381,산업안전산업기사,31,산업기사,251,안전관리,N,128557,81674,7611,7727,10481,10101,10963
2025,2381,산업안전산업기사,31,산업기사,251,안전관리,Y,1893,744,120,161,269,303,296
2025,2390,건설안전산업기사,31,산업기사,251,안전관리,N,34595,24236,1492,2249,2959,2007,1652
2025,2390,건설안전산업기사,31,산업기사,251,안전관리,Y,365,147,22,50,68,45,33
2025,2391,디지털인쇄산업기사,31,산업기사,231,인쇄.사진,N,956,929,5,3,7,3,9
2025,2395,승강기산업기사,31,산업기사,162,기계장비설비.설치,N,1917,1540,127,87,53,53,57
2025,9540,임상심리사2급,33,2급,61,보건.의료,N,24278,9878,2614,2054,2965,3028,3739
2025,2420,품질경영산업기사,31,산업기사,24,생산관리,N,28780,28260,163,80,97,81,99
2025,2431,포장산업기사,31,산업기사,24,생산관리,N,58,48,1,1,3,0,5
2025,2432,제품디자인산업기사,31,산업기사,82,디자인,N,2191,2137,9,15,12,7,11
2025,2434,시각디자인산업기사,31,산업기사,82,디자인,N,11183,9856,296,311,246,221,253
2025,2440,세라믹산업기사,31,산업기사,171,금속.재료,N,1025,1025,0,0,0,0,0
2025,2441,화재감식평가산업기사,31,산업기사,251,안전관리,N,7002,1960,788,1210,1569,808,667
2025,2441,화재감식평가산업기사,31,산업기사,251,안전관리,Y,578,46,72,113,182,78,87
2025,2450,식품산업기사,31,산업기사,221,식품,N,24874,21517,849,803,644,539,522
2025,2470,종자산업기사,31,산업기사,241,농업,N,5246,4720,109,121,116,72,108
2025,2471,가스산업기사,31,산업기사,251,안전관리,N,32187,28165,968,540,945,693,876
2025,2471,가스산업기사,31,산업기사,251,안전관리,Y,233,178,13,8,9,11,14
2025,2472,산업위생관리산업기사,31,산업기사,251,안전관리,N,8001,6248,361,400,358,290,344
2025,2472,산업위생관리산업기사,31,산업기사,251,안전관리,Y,2602,1759,153,155,213,168,154
2025,2473,시설원예산업기사,31,산업기사,241,농업,N,8,8,0,0,0,0,0
2025,2480,임업종묘산업기사,31,산업기사,243,임업,N,625,625,0,0,0,0,0
2025,2481,산림산업기사,31,산업기사,243,임업,N,7920,5474,570,461,489,461,465
2025,2491,축산산업기사,31,산업기사,242,축산,N,3993,3137,203,160,154,180,159
2025,2500,임산가공산업기사,31,산업기사,243,임업,N,185,183,2,0,0,0,0
2025,2510,기상산업기사,31,산업기사,262,에너지.기상,N,22,22,0,0,0,0,0
2025,2520,수산양식산업기사,31,산업기사,244,어업,N,1544,1509,1,14,10,5,5
2025,2521,잠수산업기사,31,산업기사,142,토목,N,1171,923,48,37,37,59,67
2025,2530,건축산업기사,31,산업기사,141,건축,N,70577,67444,588,370,870,757,548
2025,2531,건축설비산업기사,31,산업기사,141,건축,N,10819,8473,181,559,502,425,679
2025,2540,공업계측제어산업기사,31,산업기사,202,전자,N,908,908,0,0,0,0,0
2025,2551,피아노조율산업기사,31,산업기사,232,목재.가구.공예,N,988,930,7,2,24,14,11
2025,2560,농화학산업기사,31,산업기사,241,농업,N,6,6,0,0,0,0,0
2025,2562,식물보호산업기사,31,산업기사,243,임업,N,10234,4735,1023,1368,912,1030,1166
2025,2570,바이오화학제품제조산업기사,31,산업기사,181,화공,N,419,42,59,20,68,111,119
2025,2571,대기환경산업기사,31,산업기사,261,환경,N,25209,23910,416,263,214,247,159
2025,2572,수질환경산업기사,31,산업기사,261,환경,N,33026,31975,305,319,151,180,96
2025,2573,소음진동산업기사,31,산업기사,261,환경,N,757,732,14,2,5,0,4
2025,2580,"대기환경,수질환경산업기사",31,산업기사,261,환경,N,3464,3464,0,0,0,0,0
2025,2582,농림토양평가관리산업기사,31,산업기사,261,환경,N,94,94,0,0,0,0,0
2025,2590,공조냉동기계산업기사,31,산업기사,162,기계장비설비.설치,N,32477,22147,2706,2015,1714,1783,2112
2025,2592,유기농업산업기사,31,산업기사,241,농업,N,969,861,15,22,13,28,30
2025,2600,건설재료시험산업기사,31,산업기사,142,토목,N,7997,7576,87,100,93,50,91
2025,2610,철도토목산업기사,31,산업기사,142,토목,N,931,931,0,0,0,0,0
2025,2611,방사선비파괴검사산업기사,31,산업기사,252,비파괴검사,N,1458,1425,6,10,5,5,7
2025,2612,초음파비파괴검사산업기사,31,산업기사,252,비파괴검사,N,1057,1009,21,8,11,4,4
2025,2613,자기비파괴검사산업기사,31,산업기사,252,비파괴검사,N,2623,2460,60,50,15,17,21
2025,2614,침투비파괴검사산업기사,31,산업기사,252,비파괴검사,N,5395,4292,218,295,263,167,160
2025,2615,와전류비파괴검사산업기사,31,산업기사,252,비파괴검사,N,57,57,0,0,0,0,0
2025,2616,누설비파괴검사산업기사,31,산업기사,252,비파괴검사,N,32,32,0,0,0,0,0
2025,2625,화훼장식산업기사,31,산업기사,241,농업,N,685,129,137,120,121,93,85
2025,2630,방수산업기사,31,산업기사,141,건축,N,770,346,96,34,41,156,97
2025,2631,어로산업기사,31,산업기사,244,어업,N,593,447,40,20,37,27,22
2025,2751,교통산업기사,31,산업기사,144,도시.교통,N,169,126,22,3,11,0,7
2025,2760,귀금속가공산업기사,31,산업기사,232,목재.가구.공예,N,1577,1468,28,19,16,17,29
2025,2770,목공예산업기사,31,산업기사,232,목재.가구.공예,N,68,68,0,0,0,0,0
2025,2771,도자기공예산업기사,31,산업기사,232,목재.가구.공예,N,57,57,0,0,0,0,0
2025,2772,자수산업기사,31,산업기사,232,목재.가구.공예,N,75,75,0,0,0,0,0
2025,2835,전자부품장착산업기사,31,산업기사,162,기계장비설비.설치,N,273,260,1,0,8,0,4
2025,2880,보석디자인산업기사,31,산업기사,232,목재.가구.공예,N,66,12,16,10,9,10,9
2025,2900,소방설비산업기사(기계분야),31,산업기사,251,안전관리,N,28076,24775,697,557,708,826,513
2025,2900,소방설비산업기사(기계분야),31,산업기사,251,안전관리,Y,122,64,5,11,20,7,15
2025,2910,소방설비산업기사(전기분야),31,산업기사,251,안전관리,N,46302,37536,2071,1932,1348,1610,1805
2025,2910,소방설비산업기사(전기분야),31,산업기사,251,안전관리,Y,419,218,44,39,25,32,61
2025,2938,자연생태복원산업기사,31,산업기사,261,환경,N,555,533,9,3,2,7,1
2025,2950,폐기물처리산업기사,31,산업기사,261,환경,N,10835,10059,253,134,134,192,63
2025,2960,에너지관리산업기사,31,산업기사,262,에너지.기상,N,33167,29898,544,910,695,640,480
2025,2971,한식조리산업기사,31,산업기사,131,조리,N,3342,2513,162,181,160,180,146
2025,2972,양식조리산업기사,31,산업기사,131,조리,N,571,423,27,23,39,32,27
2025,2973,일식조리산업기사,31,산업기사,131,조리,N,157,104,8,2,23,5,15
2025,2974,중식조리산업기사,31,산업기사,131,조리,N,331,212,24,22,26,32,15
2025,2975,복어조리산업기사,31,산업기사,131,조리,N,283,156,22,26,27,26,26
2025,2980,보석감정산업기사,31,산업기사,232,목재.가구.공예,N,89,52,10,7,8,4,8
2025,2982,컬러리스트산업기사,31,산업기사,82,디자인,N,29960,27166,809,570,495,424,496
2025,3937,금형다기능기술자,31,산업기사,167,금형.공작기계,N,268,268,0,0,0,0,0
2025,3938,산업설비다기능기술자,31,산업기사,162,기계장비설비.설치,N,111,111,0,0,0,0,0
2025,3940,금속다기능기술자,31,산업기사,171,금속.재료,N,147,147,0,0,0,0,0
2025,3943,정보통신설비다기능기술자,31,산업기사,213,통신,N,129,129,0,0,0,0,0
2025,4020,형평삭산업기사,31,산업기사,161,기계제작,N,1,1,0,0,0,0,0
2025,4070,기어절삭산업기사,31,산업기사,161,기계제작,N,2,2,0,0,0,0,0
2025,4121,금형공구기능사1급,31,산업기사,167,금형.공작기계,N,1080,1080,0,0,0,0,0
2025,4131,정밀가공산업기사,31,산업기사,161,기계제작,N,23,23,0,0,0,0,0
2025,4132,정밀가공산업기사,31,산업기사,161,기계제작,N,2,2,0,0,0,0,0
2025,4133,정밀가공산업기사,31,산업기사,161,기계제작,N,4,4,0,0,0,0,0
2025,4134,정밀가공산업기사(다듬질),31,산업기사,161,기계제작,N,13,13,0,0,0,0,0
2025,4150,기계제도산업기사,31,산업기사,161,기계제작,N,251,251,0,0,0,0,0
2025,4223,제과산업기사,31,산업기사,222,제과.제빵,N,990,0,0,0,275,338,377
2025,4224,제빵산업기사,31,산업기사,222,제과.제빵,N,995,1,0,0,262,389,343
2025,4230,시계수리산업기사,31,산업기사,162,기계장비설비.설치,N,78,78,0,0,0,0,0
2025,4410,담배제조산업기사,31,산업기사,162,기계장비설비.설치,N,224,224,0,0,0,0,0
2025,4501,제선산업기사,31,산업기사,171,금속.재료,N,25,25,0,0,0,0,0
2025,4502,제선산업기사,31,산업기사,171,금속.재료,N,45,45,0,0,0,0,0
2025,4511,제강산업기사,31,산업기사,171,금속.재료,N,60,60,0,0,0,0,0
2025,4512,제강산업기사,31,산업기사,171,금속.재료,N,23,23,0,0,0,0,0
2025,4513,제강산업기사,31,산업기사,171,금속.재료,N,7,7,0,0,0,0,0
2025,4514,제강산업기사,31,산업기사,171,금속.재료,N,18,18,0,0,0,0,0
2025,6335,가스기능사,40,기능사,251,안전관리,N,104299,89185,2468,2045,4012,3287,3302
2025,4520,코크스산업기사,31,산업기사,171,금속.재료,N,60,60,0,0,0,0,0
2025,4540,압연기능사1급,31,산업기사,171,금속.재료,N,19,19,0,0,0,0,0
2025,4541,압연산업기사,31,산업기사,171,금속.재료,N,45,45,0,0,0,0,0
2025,4542,압연산업기사,31,산업기사,171,금속.재료,N,23,23,0,0,0,0,0
2025,4550,단조산업기사,31,산업기사,173,단조.주조,N,1,1,0,0,0,0,0
2025,4560,화학분석산업기사,31,산업기사,181,화공,N,16,16,0,0,0,0,0
2025,4631,요업산업기사,31,산업기사,171,금속.재료,N,1,1,0,0,0,0,0
2025,4640,고무제품제조산업기사,31,산업기사,181,화공,N,2,2,0,0,0,0,0
2025,4650,프라스틱제품산업기사,31,산업기사,181,화공,N,1,1,0,0,0,0,0
2025,4660,제지산업기사,31,산업기사,243,임업,N,2,2,0,0,0,0,0
2025,4670,가죽처리산업기사,31,산업기사,181,화공,N,2,2,0,0,0,0,0
2025,4680,농약산업기사,31,산업기사,182,위험물,N,1,1,0,0,0,0,0
2025,4850,조선제도산업기사,31,산업기사,164,조선,N,2,2,0,0,0,0,0
2025,4900,선박기관의장산업기사,31,산업기사,164,조선,N,1,1,0,0,0,0,0
2025,4910,토목제도산업기사,31,산업기사,142,토목,N,17,17,0,0,0,0,0
2025,4930,석공산업기사,31,산업기사,142,토목,N,3,3,0,0,0,0,0
2025,4940,토목재료시험산업기사,31,산업기사,142,토목,N,239,239,0,0,0,0,0
2025,4960,콘크리트산업기사,31,산업기사,142,토목,N,40,40,0,0,0,0,0
2025,5000,건축제도산업기사,31,산업기사,141,건축,N,421,421,0,0,0,0,0
2025,5020,철근산업기사,31,산업기사,141,건축,N,5,5,0,0,0,0,0
2025,5042,창호제작산업기사,31,산업기사,172,판금.제관.새시,N,2,2,0,0,0,0,0
2025,5060,비계산업기사,31,산업기사,141,건축,N,1,1,0,0,0,0,0
2025,5080,가구제작산업기사,31,산업기사,232,목재.가구.공예,N,13,13,0,0,0,0,0
2025,5090,건축도장산업기사,31,산업기사,141,건축,N,57,57,0,0,0,0,0
2025,5100,온돌산업기사,31,산업기사,141,건축,N,12,12,0,0,0,0,0
2025,5120,도배산업기사,31,산업기사,141,건축,N,4,4,0,0,0,0,0
2025,5151,유리시공산업기사,31,산업기사,141,건축,N,1,1,0,0,0,0,0
2025,5181,방적산업기사,31,산업기사,191,섬유,N,3,3,0,0,0,0,0
2025,5211,제직산업기사,31,산업기사,191,섬유,N,8,8,0,0,0,0,0
2025,5260,채광산업기사,31,산업기사,151,채광,N,10,10,0,0,0,0,0
2025,5270,시추산업기사,31,산업기사,151,채광,N,33,33,0,0,0,0,0
2025,5361,나전칠기산업기사,31,산업기사,232,목재.가구.공예,N,3,3,0,0,0,0,0
2025,5362,나전칠기산업기사,31,산업기사,232,목재.가구.공예,N,1,1,0,0,0,0,0
2025,5380,금속도장산업기사,31,산업기사,175,도장.도금,N,61,61,0,0,0,0,0
2025,5401,비파괴검사산업기사,31,산업기사,252,비파괴검사,N,284,284,0,0,0,0,0
2025,5402,비파괴검사산업기사,31,산업기사,252,비파괴검사,N,150,150,0,0,0,0,0
2025,5403,비파괴검사산업기사,31,산업기사,252,비파괴검사,N,143,143,0,0,0,0,0
2025,5404,비파괴검사산업기사,31,산업기사,252,비파괴검사,N,90,90,0,0,0,0,0
2025,5405,비파괴검사산업기사,31,산업기사,252,비파괴검사,N,10,10,0,0,0,0,0
2025,5406,비파괴검사기능사1급,31,산업기사,252,비파괴검사,N,10,10,0,0,0,0,0
2025,5407,비파괴검사산업기사,31,산업기사,252,비파괴검사,N,1,1,0,0,0,0,0
2025,5453,인쇄산업기사,31,산업기사,231,인쇄.사진,N,2,2,0,0,0,0,0
2025,5454,인쇄산업기사,31,산업기사,231,인쇄.사진,N,54,54,0,0,0,0,0
2025,5470,제판산업기사,31,산업기사,231,인쇄.사진,N,12,12,0,0,0,0,0
2025,5474,제판산업기사,31,산업기사,231,인쇄.사진,N,8,8,0,0,0,0,0
2025,5475,제판산업기사,31,산업기사,231,인쇄.사진,N,100,100,0,0,0,0,0
2025,5476,제판산업기사,31,산업기사,231,인쇄.사진,N,1,1,0,0,0,0,0
2025,5477,스크린인쇄산업기사,31,산업기사,231,인쇄.사진,N,8,8,0,0,0,0,0
2025,5478,인쇄사진산업기사,31,산업기사,231,인쇄.사진,N,1,1,0,0,0,0,0
2025,5480,홍삼제조산업기사,31,산업기사,221,식품,N,12,12,0,0,0,0,0
2025,5540,원예종묘산업기사,31,산업기사,241,농업,N,5,5,0,0,0,0,0
2025,5580,도화산업기사,31,산업기사,142,토목,N,51,51,0,0,0,0,0
2025,5590,항공사진산업기사,31,산업기사,142,토목,N,8,8,0,0,0,0,0
2025,5600,지도제작산업기사,31,산업기사,142,토목,N,98,98,0,0,0,0,0
2025,5610,담배기계정비산업기사,31,산업기사,162,기계장비설비.설치,N,54,54,0,0,0,0,0
2025,5631,버섯종묘산업기사,31,산업기사,243,임업,N,34,34,0,0,0,0,0
2025,5665,정보기계설비기능사1급,31,산업기사,211,정보기술,N,1379,1379,0,0,0,0,0
2025,5680,화공기계산업기사,31,산업기사,181,화공,N,1,1,0,0,0,0,0
2025,5740,담배제조기계산업기사,31,산업기사,162,기계장비설비.설치,N,17,17,0,0,0,0,0
2025,5751,굴삭기기능사1급,31,산업기사,146,건설기계운전,N,3,3,0,0,0,0,0
2025,5752,불도저산업기사,31,산업기사,146,건설기계운전,N,3,3,0,0,0,0,0
2025,5764,공기압축기산업기사,31,산업기사,146,건설기계운전,N,1,1,0,0,0,0,0
2025,5769,독극물취급산업기사,31,산업기사,182,위험물,N,33,33,0,0,0,0,0
2025,5776,가구도장산업기사,31,산업기사,141,건축,N,7,7,0,0,0,0,0
2025,5777,광고도장산업기사,31,산업기사,175,도장.도금,N,53,53,0,0,0,0,0
2025,5778,보석가공산업기사,31,산업기사,232,목재.가구.공예,N,27,27,0,0,0,0,0
2025,5779,인장공예산업기사,31,산업기사,232,목재.가구.공예,N,71,71,0,0,0,0,0
2025,5784,등죽세공예산업기사,31,산업기사,232,목재.가구.공예,N,17,17,0,0,0,0,0
2025,5788,조원산업기사,31,산업기사,143,조경,N,22,22,0,0,0,0,0
2025,5789,시설원예산업기사,31,산업기사,241,농업,N,1,1,0,0,0,0,0
2025,5793,미용산업기사,31,산업기사,121,이용.미용,N,1083,1083,0,0,0,0,0
2025,5794,이용산업기사,31,산업기사,121,이용.미용,N,1316,1316,0,0,0,0,0
2025,5796,조리산업기사,31,산업기사,131,조리,N,73,73,0,0,0,0,0
2025,5797,조리산업기사,31,산업기사,131,조리,N,123,123,0,0,0,0,0
2025,5798,조리산업기사,31,산업기사,131,조리,N,22,22,0,0,0,0,0
2025,5799,조리산업기사,31,산업기사,131,조리,N,6,6,0,0,0,0,0
2025,5801,사진산업기사,31,산업기사,231,인쇄.사진,N,23,23,0,0,0,0,0
2025,5802,원예재배산업기사,31,산업기사,241,농업,N,29,29,0,0,0,0,0
2025,5803,제과산업기사,31,산업기사,222,제과.제빵,N,11,11,0,0,0,0,0
2025,5804,조주산업기사,31,산업기사,131,조리,N,1,1,0,0,0,0,0
2025,5807,석공예산업기사,31,산업기사,232,목재.가구.공예,N,3,3,0,0,0,0,0
2025,5810,축소사진산업기사,31,산업기사,231,인쇄.사진,N,3,3,0,0,0,0,0
2025,9510,직업상담사1급,32,1급,71,사회복지.종교,N,2215,827,259,330,343,425,31
2025,9520,사회조사분석사1급,32,1급,21,경영,N,587,327,72,25,52,67,44
2025,9535,컨벤션기획사1급,32,1급,21,경영,N,9,4,2,0,0,1,2
2025,9537,소비자전문상담사1급,32,1급,21,경영,N,262,204,6,12,9,10,21
2025,9539,임상심리사1급,32,1급,61,보건.의료,N,4444,577,309,489,551,1416,1102
2025,9511,직업상담사2급,33,2급,71,사회복지.종교,N,88796,61904,7731,4938,5187,5630,3406
2025,9521,사회조사분석사2급,33,2급,21,경영,N,64303,39339,6223,4911,4263,4411,5156
2025,9536,컨벤션기획사2급,33,2급,21,경영,N,5138,3946,369,163,216,177,267
2025,9538,소비자전문상담사2급,33,2급,21,경영,N,4437,3795,169,168,86,98,121
2025,9105,국제의료관광코디네이터,39,단일등급,61,보건.의료,N,1415,939,161,102,74,68,71
2025,9541,텔레마케팅관리사,39,단일등급,101,영업.판매,N,40650,35136,1496,886,1146,800,1186
2025,9542,게임프로그래밍전문가,39,단일등급,211,정보기술,N,708,708,0,0,0,0,0
2025,9543,게임그래픽전문가,39,단일등급,211,정보기술,N,1411,1411,0,0,0,0,0
2025,9544,게임기획전문가,39,단일등급,211,정보기술,N,1027,1027,0,0,0,0,0
2025,9545,멀티미디어콘텐츠제작전문가,39,단일등급,211,정보기술,N,7209,3877,731,564,726,646,665
2025,9546,스포츠경영관리사,39,단일등급,122,숙박.여행.오락.스포츠,N,8473,5638,721,568,509,408,629
2025,9547,이러닝운영관리사,39,단일등급,41,교육.자연.과학.사회과학,N,635,0,0,0,0,428,207
2025,6012,컴퓨터응용선반기능사,40,기능사,161,기계제작,N,344518,332797,3709,2116,1907,1949,2040
2025,6020,형평삭기능사,40,기능사,161,기계제작,N,14,14,0,0,0,0,0
2025,6032,컴퓨터응용밀링기능사,40,기능사,161,기계제작,N,172948,158793,4020,2511,2704,2338,2582
2025,6033,반도체설비보전기능사,40,기능사,162,기계장비설비.설치,N,2095,495,175,168,168,466,623
2025,6040,연삭기능사,40,기능사,161,기계제작,N,11829,11829,0,0,0,0,0
2025,6041,기계가공기능사2급,40,기능사,161,기계제작,N,474,474,0,0,0,0,0
2025,6042,기계가공조립기능사,40,기능사,161,기계제작,N,133174,130229,677,575,596,478,619
2025,6050,보오링기능사,40,기능사,161,기계제작,N,5,5,0,0,0,0,0
2025,6051,궤도장비정비기능사,40,기능사,162,기계장비설비.설치,N,1363,1204,36,28,37,30,28
2025,6070,기어절삭기능사,40,기능사,161,기계제작,N,30,30,0,0,0,0,0
2025,6090,공구제작기능사,40,기능사,167,금형.공작기계,N,26,26,0,0,0,0,0
2025,6091,금형공구기능사2급,40,기능사,167,금형.공작기계,N,72,72,0,0,0,0,0
2025,6105,금형기능사,40,기능사,167,금형.공작기계,N,23237,20838,891,609,352,275,272
2025,6120,정밀측정기능사,40,기능사,161,기계제작,N,4308,3921,46,64,98,86,93
2025,6151,전산응용기계제도기능사,40,기능사,161,기계제작,N,208206,198806,2505,1832,1645,1665,1753
2025,6171,판금기능사2급,40,기능사,172,판금.제관.새시,N,713,713,0,0,0,0,0
2025,6175,판금제관기능사,40,기능사,172,판금.제관.새시,N,23764,23682,11,15,18,17,21
2025,6176,의료전자기능사,40,기능사,202,전자,N,2586,2315,58,47,53,62,51
2025,6213,배관기능사,40,기능사,145,건설배관,N,67595,65990,325,308,340,324,308
2025,6221,용접기능사2급,40,기능사,174,용접,N,3187,3187,0,0,0,0,0
2025,6222,특수용접기능사,40,기능사,174,용접,N,93158,87361,3156,2641,0,0,0
2025,6223,피복아크용접기능사,40,기능사,174,용접,N,305398,292042,3559,2782,2345,2269,2401
2025,6224,가스텅스텐아크용접기능사,40,기능사,174,용접,N,5530,0,0,0,1737,1847,1946
2025,6225,이산화탄소가스아크용접기능사,40,기능사,174,용접,N,4609,0,0,0,1446,1558,1605
2025,6240,시계수리기능사,40,기능사,162,기계장비설비.설치,N,420,420,0,0,0,0,0
2025,6281,자동차정비기능사,40,기능사,166,자동차,N,584951,558932,6088,4492,4978,4846,5615
2025,6285,자동차차체수리기능사,40,기능사,166,자동차,N,20151,16751,807,584,610,599,800
2025,6286,카일렉트로닉스기능사,40,기능사,166,자동차,N,1813,1813,0,0,0,0,0
2025,6288,항공기정비기능사,40,기능사,165,항공,N,69944,64554,1611,1480,1169,401,729
2025,6289,항공전기·전자정비기능사,40,기능사,165,항공,N,23375,20753,573,535,543,319,652
2025,6290,중기정비기능사2급,40,기능사,162,기계장비설비.설치,N,6462,6462,0,0,0,0,0
2025,6295,사진기계수리기능사,40,기능사,162,기계장비설비.설치,N,127,127,0,0,0,0,0
2025,6298,건설기계정비기능사,40,기능사,162,기계장비설비.설치,N,27357,24173,645,669,548,635,687
2025,6300,농업기계정비기능사,40,기능사,162,기계장비설비.설치,N,50468,46579,800,728,854,788,719
2025,6301,농기계운전기능사,40,기능사,91,운전.운송,N,6075,3698,466,429,467,493,522
2025,6320,공조냉동기계기능사,40,기능사,162,기계장비설비.설치,N,84765,74098,3347,2128,1680,1748,1764
2025,6335,가스기능사,40,기능사,251,안전관리,Y,456,277,26,23,38,42,50
2025,6351,항로표지기능사,40,기능사,142,토목,N,1526,1104,81,91,87,77,86
2025,6352,철도차량정비기능사,40,기능사,163,철도,N,4616,4508,8,1,10,20,69
2025,6360,철도운송기능사,40,기능사,91,운전.운송,N,1903,1903,0,0,0,0,0
2025,6380,공기조화기능사,40,기능사,162,기계장비설비.설치,N,16,16,0,0,0,0,0
2025,6381,축로기능사,40,기능사,171,금속.재료,N,2285,2096,55,21,60,22,31
2025,6382,인발기능사,40,기능사,171,금속.재료,N,126,126,0,0,0,0,0
2025,6390,원동기취급기능사,40,기능사,162,기계장비설비.설치,N,1666,1666,0,0,0,0,0
2025,6411,담배원료가공기능사,40,기능사,162,기계장비설비.설치,N,249,249,0,0,0,0,0
2025,6412,궐련제조기능사,40,기능사,162,기계장비설비.설치,N,393,393,0,0,0,0,0
2025,6413,담배포장기능사,40,기능사,162,기계장비설비.설치,N,427,427,0,0,0,0,0
2025,6414,담배재건조기능사,40,기능사,162,기계장비설비.설치,N,46,46,0,0,0,0,0
2025,6415,자동화설비기능사,40,기능사,162,기계장비설비.설치,N,45129,36528,2154,1618,1475,1523,1831
2025,6420,열처리기능사,40,기능사,171,금속.재료,N,27398,25941,410,285,239,274,249
2025,6440,주강용해기능사,40,기능사,173,단조.주조,N,2,2,0,0,0,0,0
2025,6450,주물사처리기능사,40,기능사,173,단조.주조,N,29,29,0,0,0,0,0
2025,6461,주조기능사,40,기능사,173,단조.주조,N,25428,25310,17,12,31,28,30
2025,6480,표면처리기능사,40,기능사,175,도장.도금,N,8724,8409,52,43,53,96,71
2025,6490,금속재료시험기능사,40,기능사,171,금속.재료,N,13631,13030,171,84,117,117,112
2025,6500,제선기능사,40,기능사,171,금속.재료,N,7616,6601,142,181,206,284,202
2025,6512,제강기능사,40,기능사,171,금속.재료,N,321,321,0,0,0,0,0
2025,6515,제강기능사,40,기능사,171,금속.재료,N,10727,9725,245,148,192,217,200
2025,6530,원형기능사,40,기능사,173,단조.주조,N,14141,14108,9,10,7,7,0
2025,6540,압연기능사2급,40,기능사,171,금속.재료,N,241,241,0,0,0,0,0
2025,6543,압연기능사,40,기능사,171,금속.재료,N,10135,9314,29,117,197,264,214
2025,6550,단조기능사,40,기능사,173,단조.주조,N,76,76,0,0,0,0,0
2025,6560,화학분석기능사,40,기능사,181,화공,N,151324,141648,2197,1733,1762,1736,2248
2025,6592,유기농업기능사,40,기능사,241,농업,N,27736,16911,2677,1075,3094,2191,1788
2025,6640,고무제품제조기능사,40,기능사,181,화공,N,1,1,0,0,0,0,0
2025,6641,내화물제조기능사,40,기능사,173,단조.주조,N,1,1,0,0,0,0,0
2025,6642,고분자제품제조기능사,40,기능사,181,화공,N,3,3,0,0,0,0,0
2025,6650,프라스틱제품기능사,40,기능사,181,화공,N,2,2,0,0,0,0,0
2025,6651,플라스틱성형가공기능사,40,기능사,167,금형.공작기계,N,64,64,0,0,0,0,0
2025,6655,세라믹기능사,40,기능사,171,금속.재료,N,2718,2718,0,0,0,0,0
2025,6660,제지기능사,40,기능사,243,임업,N,6,6,0,0,0,0,0
2025,6670,가죽처리기능사,40,기능사,181,화공,N,3,3,0,0,0,0,0
2025,6680,농약기능사,40,기능사,182,위험물,N,201,201,0,0,0,0,0
2025,6697,위험물기능사,40,기능사,182,위험물,N,152543,133690,4131,3574,3393,3755,4000
2025,6710,화약류제조기능사,40,기능사,181,화공,N,42,42,0,0,0,0,0
2025,6750,전기계측제어기능사,40,기능사,201,전기,N,1698,1698,0,0,0,0,0
2025,6772,철도전기신호기능사,40,기능사,201,전기,N,5809,3121,474,486,484,540,704
2025,6785,전자캐드기능사,40,기능사,202,전자,N,22166,18881,878,637,521,664,585
2025,6790,전자기능사,40,기능사,202,전자,N,547747,533698,4165,3499,2509,1912,1964
2025,6791,전자출판기능사,40,기능사,231,인쇄.사진,N,30850,26068,982,961,963,900,976
2025,6792,석공예기능사,40,기능사,232,목재.가구.공예,N,732,711,8,7,3,1,2
2025,6793,제품응용모델링기능사,40,기능사,82,디자인,N,5013,4773,54,51,46,46,43
2025,6801,임베디드기능사,40,기능사,202,전자,N,104508,101370,756,566,625,520,671
2025,6810,통신나선기능사,40,기능사,213,통신,N,1,1,0,0,0,0,0
2025,6820,통신케이블기능사,40,기능사,213,통신,N,6,6,0,0,0,0,0
2025,6830,유선설비기능사2급,40,기능사,213,통신,N,1726,1726,0,0,0,0,0
2025,6835,표면실장장비기능사,40,기능사,162,기계장비설비.설치,N,6959,4643,551,463,478,341,483
2025,6836,자동차보수도장기능사,40,기능사,166,자동차,N,20097,15088,1160,816,1056,943,1034
2025,6837,설비보전기능사,40,기능사,162,기계장비설비.설치,N,65592,53356,3360,2366,2509,2730,1271
2025,6860,음향통신기능사,40,기능사,213,통신,N,1133,1133,0,0,0,0,0
2025,6870,인쇄통신기능사,40,기능사,213,통신,N,28695,28695,0,0,0,0,0
2025,6880,무선설비기능사,40,기능사,212,방송.무선,N,111108,111108,0,0,0,0,0
2025,6892,정보기기운용기능사,40,기능사,211,정보기술,N,792361,786036,1138,887,1084,1259,1957
2025,6900,전화교환기능사,40,기능사,213,통신,N,103327,103327,0,0,0,0,0
2025,6910,선체설계기능사,40,기능사,164,조선,N,4181,4091,30,8,12,14,26
2025,6920,선체건조기능사,40,기능사,164,조선,N,3805,3663,27,33,19,21,42
2025,6921,프로그래밍기능사,40,기능사,211,정보기술,N,772226,752203,4674,2263,3402,4338,5346
2025,6960,선박기관정비기능사,40,기능사,164,조선,N,6264,5922,77,73,56,54,82
2025,6980,측량기능사,40,기능사,142,토목,N,105104,97323,1706,1625,1643,1368,1439
2025,6981,공간정보융합기능사,40,기능사,142,토목,N,153,0,0,0,68,46,39
2025,6990,석공기능사,40,기능사,142,토목,N,2794,2301,129,148,73,80,63
2025,7010,철도토목기능사,40,기능사,142,토목,N,3395,3323,9,0,18,19,26
2025,7020,콘크리트기능사,40,기능사,142,토목,N,25014,19804,1164,983,1073,1019,971
2025,7030,방수기능사,40,기능사,141,건축,N,112236,52419,17440,13620,11257,9400,8100
2025,7040,포장기능사,40,기능사,24,생산관리,N,107,107,0,0,0,0,0
2025,7061,전산응용건축제도기능사,40,기능사,141,건축,N,187986,161141,6013,4870,5575,5317,5070
2025,7070,조적기능사,40,기능사,141,건축,N,33626,33015,154,170,143,72,72
2025,7072,전산응용토목제도기능사,40,기능사,142,토목,N,40922,35620,1335,977,954,1046,990
2025,7080,철근기능사,40,기능사,141,건축,N,13222,7280,2482,1623,926,534,377
2025,7100,창호제작기능사2급,40,기능사,141,건축,N,57,57,0,0,0,0,0
2025,7102,금속재창호기능사,40,기능사,141,건축,N,21305,19240,522,470,440,335,298
2025,7103,플라스틱창호기능사,40,기능사,141,건축,N,4661,4235,99,81,105,93,48
2025,7110,미장기능사,40,기능사,141,건축,N,11420,10941,124,124,92,75,64
2025,7114,신재생에너지발전설비기능사(태양광),40,기능사,262,에너지.기상,N,8348,4472,742,677,966,912,579
2025,7120,비계기능사,40,기능사,141,건축,N,15572,10076,1142,1190,1181,1031,952
2025,7130,건축목공기능사,40,기능사,141,건축,N,38401,32066,964,1040,1449,1437,1445
2025,7132,건설재료시험기능사,40,기능사,142,토목,N,62806,59855,661,674,612,514,490
2025,7140,가구제작기능사,40,기능사,232,목재.가구.공예,N,10968,8743,455,451,541,407,371
2025,7150,건축도장기능사,40,기능사,141,건축,N,254629,172131,19065,18294,16310,14861,13968
2025,7151,유리시공기능사,40,기능사,141,건축,N,2453,2117,81,78,56,71,50
2025,7152,실내건축기능사,40,기능사,141,건축,N,48443,41171,1383,1326,1451,1534,1578
2025,7161,온수온돌기능사,40,기능사,141,건축,N,88738,41464,10042,9687,9708,9726,8111
2025,7170,거푸집기능사,40,기능사,141,건축,N,43754,25390,5658,5014,3205,2304,2183
2025,7180,도배기능사,40,기능사,141,건축,N,39212,28448,1624,1736,2364,2311,2729
2025,7210,타일기능사,40,기능사,141,건축,N,37935,25545,2988,2769,2489,2143,2001
2025,7241,방적기능사,40,기능사,191,섬유,N,510,510,0,0,0,0,0
2025,7250,생사기능사,40,기능사,191,섬유,N,62,62,0,0,0,0,0
2025,7282,직기조정기능사,40,기능사,191,섬유,N,14644,14644,0,0,0,0,0
2025,7301,염색기능사(침염),40,기능사,191,섬유,N,13881,13287,142,128,116,104,104
2025,7302,염색기능사(날염),40,기능사,191,섬유,N,11426,11325,25,22,17,18,19
2025,7310,직물가공기능사,40,기능사,191,섬유,N,36,36,0,0,0,0,0
2025,7311,섬유제도디자인기능사,40,기능사,191,섬유,N,225,225,0,0,0,0,0
2025,7330,시추기능사,40,기능사,151,채광,N,4493,4493,0,0,0,0,0
2025,7350,선광기능사,40,기능사,151,채광,N,107,107,0,0,0,0,0
2025,7380,광산보안기능사,40,기능사,151,채광,N,27777,27777,0,0,0,0,0
2025,7430,나전칠기기능사2급,40,기능사,232,목재.가구.공예,N,81,81,0,0,0,0,0
2025,7431,패세공기능사,40,기능사,232,목재.가구.공예,N,150,150,0,0,0,0,0
2025,7432,칠기기능사,40,기능사,232,목재.가구.공예,N,412,412,0,0,0,0,0
2025,7440,금속공예기능사,40,기능사,232,목재.가구.공예,N,4162,4162,0,0,0,0,0
2025,7450,금속도장기능사,40,기능사,175,도장.도금,N,7265,6877,72,65,83,86,82
2025,7460,귀금속가공기능사,40,기능사,232,목재.가구.공예,N,15268,14036,319,261,172,212,268
2025,7471,방사선비파괴검사기능사,40,기능사,252,비파괴검사,N,13819,13338,181,96,55,75,74
2025,7472,초음파비파괴검사기능사,40,기능사,252,비파괴검사,N,7090,6311,221,173,153,108,124
2025,7473,자기비파괴검사기능사,40,기능사,252,비파괴검사,N,11982,9909,519,372,349,427,406
2025,7474,침투비파괴검사기능사,40,기능사,252,비파괴검사,N,17977,15160,542,572,524,605,574
2025,7475,와전류비파괴검사기능사,40,기능사,252,비파괴검사,N,264,264,0,0,0,0,0
2025,7476,비파괴검사기능사2급,40,기능사,252,비파괴검사,N,10,10,0,0,0,0,0
2025,7477,누설비파괴검사기능사,40,기능사,252,비파괴검사,N,176,176,0,0,0,0,0
2025,7480,목공예기능사,40,기능사,232,목재.가구.공예,N,6548,5954,114,100,131,115,134
2025,7481,축산기능사,40,기능사,242,축산,N,28859,24063,842,833,843,1110,1168
2025,7482,식육처리기능사,40,기능사,242,축산,N,12386,10190,425,374,449,462,486
2025,7483,천공기운전기능사,40,기능사,146,건설기계운전,N,9690,6267,668,754,822,633,546
2025,7490,인판공예기능사,40,기능사,232,목재.가구.공예,N,1,1,0,0,0,0,0
2025,7500,문선식자기능사2급,40,기능사,231,인쇄.사진,N,13,13,0,0,0,0,0
2025,7501,문선식자기능사,40,기능사,231,인쇄.사진,N,73,73,0,0,0,0,0
2025,7502,문선식자기능사,40,기능사,231,인쇄.사진,N,91,91,0,0,0,0,0
2025,7520,인쇄기능사2급,40,기능사,231,인쇄.사진,N,107,107,0,0,0,0,0
2025,7523,인쇄기능사,40,기능사,231,인쇄.사진,N,231,231,0,0,0,0,0
2025,7524,인쇄기능사,40,기능사,231,인쇄.사진,N,11109,10922,49,42,39,32,25
2025,7525,인쇄기능사,40,기능사,231,인쇄.사진,N,7,7,0,0,0,0,0
2025,7533,제판기능사,40,기능사,231,인쇄.사진,N,4,4,0,0,0,0,0
2025,7535,인쇄사진기능사,40,기능사,231,인쇄.사진,N,9,9,0,0,0,0,0
2025,7540,옵셋제판기능사2급,40,기능사,231,인쇄.사진,N,50,50,0,0,0,0,0
2025,7550,홍삼제조기능사,40,기능사,221,식품,N,68,68,0,0,0,0,0
2025,7591,식품가공기능사,40,기능사,221,식품,N,54012,47245,1357,1372,1369,1299,1370
2025,7611,어로기능사,40,기능사,244,어업,N,3219,3219,0,0,0,0,0
2025,7612,잠수기능사,40,기능사,142,토목,N,9469,7648,383,439,274,334,391
2025,7620,종자기능사,40,기능사,241,농업,N,57932,51389,773,1240,1326,1562,1642
2025,7625,화훼장식기능사,40,기능사,241,농업,N,49921,37560,3532,2624,2483,1929,1793
2025,7630,임업종묘기능사,40,기능사,243,임업,N,6330,5705,118,107,107,128,165
2025,7631,버섯종균기능사,40,기능사,243,임업,N,17565,14118,932,750,681,628,456
2025,7632,산림기능사,40,기능사,243,임업,N,25700,13964,2294,2325,2320,2217,2580
2025,7633,식물보호기능사,40,기능사,243,임업,N,222,222,0,0,0,0,0
2025,7644,임산가공기능사,40,기능사,243,임업,N,731,722,7,1,1,0,0
2025,7645,목재가공기능사,40,기능사,243,임업,N,7,0,0,0,0,3,4
2025,7646,펄프종이제조기능사,40,기능사,243,임업,N,2,1,0,0,0,1,0
2025,7650,지적기능사,40,기능사,142,토목,N,17954,15143,673,626,607,520,385
2025,7660,도화기능사,40,기능사,142,토목,N,390,321,4,4,11,28,22
2025,7670,항공사진기능사,40,기능사,142,토목,N,4470,3168,135,229,220,344,374
2025,7671,광학기능사,40,기능사,202,전자,N,228,227,0,0,1,0,0
2025,7680,지도제작기능사,40,기능사,142,토목,N,8291,3271,1207,752,1089,901,1071
2025,7691,담배원료가공기계정비기능사,40,기능사,162,기계장비설비.설치,N,72,72,0,0,0,0,0
2025,7692,궐련제조기계정비기능사,40,기능사,162,기계장비설비.설치,N,106,106,0,0,0,0,0
2025,7693,담배포장기계정비기능사,40,기능사,162,기계장비설비.설치,N,72,72,0,0,0,0,0
2025,7694,담배재건조기계정비기능사,40,기능사,162,기계장비설비.설치,N,13,13,0,0,0,0,0
2025,7700,수산양식기능사,40,기능사,244,어업,N,8716,8187,113,111,76,99,130
2025,7720,통신선로기능사,40,기능사,213,통신,N,32339,32339,0,0,0,0,0
2025,7723,한복기능사,40,기능사,192,의복,N,6231,5879,93,87,56,63,53
2025,7730,방송통신기능사,40,기능사,212,방송.무선,N,4130,4130,0,0,0,0,0
2025,7745,통신기기기능사,40,기능사,213,통신,N,32193,32193,0,0,0,0,0
2025,7750,농화학기능사,40,기능사,241,농업,N,11,11,0,0,0,0,0
2025,7761,에너지관리기능사,40,기능사,262,에너지.기상,N,212898,197459,3644,2704,2923,3021,3147
2025,7770,화공기계기능사,40,기능사,181,화공,N,1181,1181,0,0,0,0,0
2025,7780,전기기능사,40,기능사,201,전기,N,691264,572264,23782,20454,23084,24263,27417
2025,7785,3D프린터운용기능사,40,기능사,202,전자,N,19190,3937,2938,2666,3446,2999,3204
2025,7790,공업계측제어기능사,40,기능사,202,전자,N,1414,1414,0,0,0,0,0
2025,7795,사진기능사,40,기능사,231,인쇄.사진,N,24655,20460,804,880,833,780,898
2025,7796,컴퓨터그래픽기능사,40,기능사,82,디자인,N,265644,231096,8167,7174,6671,6808,5728
2025,7798,웹디자인개발기능사,40,기능사,82,디자인,N,53246,42110,3115,2413,2324,2028,1256
2025,7801,편물기능사(수편물),40,기능사,191,섬유,N,179,179,0,0,0,0,0
2025,7802,편물기능사(기계편물),40,기능사,191,섬유,N,515,515,0,0,0,0,0
2025,7811,자수기능사(수자수),40,기능사,232,목재.가구.공예,N,1171,1171,0,0,0,0,0
2025,7812,자수기능사(기계자수),40,기능사,232,목재.가구.공예,N,2847,2847,0,0,0,0,0
2025,7820,담배제조기계기능사,40,기능사,162,기계장비설비.설치,N,189,189,0,0,0,0,0
2025,7834,타워크레인운전기능사,40,기능사,146,건설기계운전,N,11004,7615,562,770,916,702,439
2025,7835,컨테이너크레인운전기능사,40,기능사,146,건설기계운전,N,3185,2121,206,209,218,206,225
2025,7861,기중기운전기능사,40,기능사,146,건설기계운전,N,92320,80542,2337,2313,2686,2366,2076
2025,7862,굴착기운전기능사,40,기능사,146,건설기계운전,N,557895,439341,26385,26742,24842,21832,18753
2025,7863,불도저운전기능사,40,기능사,146,건설기계운전,N,21577,19558,317,391,475,448,388
2025,7864,천장크레인운전기능사,40,기능사,146,건설기계운전,N,43840,37669,978,1036,1279,1376,1502
2025,7866,로더운전기능사,40,기능사,146,건설기계운전,N,100634,80195,4246,4286,4422,3951,3534
2025,7867,쇄석기운전기능사,40,기능사,146,건설기계운전,N,2588,2588,0,0,0,0,0
2025,7868,준설선운전기능사,40,기능사,146,건설기계운전,N,973,973,0,0,0,0,0
2025,7871,롤러운전기능사,40,기능사,146,건설기계운전,N,32286,23261,1631,1695,1923,1903,1873
2025,7874,콘크리트믹서운전기능사,40,기능사,146,건설기계운전,N,5,5,0,0,0,0,0
2025,7875,지게차운전기능사,40,기능사,146,건설기계운전,N,971080,659705,57873,59123,63735,64860,65784
2025,7876,공기압축기운전기능사,40,기능사,146,건설기계운전,N,2531,2531,0,0,0,0,0
2025,7877,덤프트럭운전기능사,40,기능사,146,건설기계운전,N,4,4,0,0,0,0,0
2025,7881,유독물취급기능사,40,기능사,182,위험물,N,1059,1059,0,0,0,0,0
2025,7884,시멘트제조기능사2급,40,기능사,171,금속.재료,N,18,18,0,0,0,0,0
2025,7888,광고도장기능사,40,기능사,175,도장.도금,N,20690,20625,27,7,14,17,0
2025,7889,보석가공기능사,40,기능사,232,목재.가구.공예,N,1686,1551,31,23,38,19,24
2025,7890,도자공예기능사,40,기능사,232,목재.가구.공예,N,13165,10996,442,355,446,464,462
2025,7891,인장공예기능사,40,기능사,232,목재.가구.공예,N,557,557,0,0,0,0,0
2025,7892,제과기능사,40,기능사,222,제과.제빵,N,226874,164700,14254,14382,12860,10881,9797
2025,7893,제빵기능사,40,기능사,222,제과.제빵,N,302559,229857,16475,16094,14942,13067,12124
2025,7894,양복기능사,40,기능사,192,의복,N,4151,4151,0,0,0,0,0
2025,7895,양장기능사,40,기능사,192,의복,N,8537,8537,0,0,0,0,0
2025,7896,등죽세공예기능사,40,기능사,232,목재.가구.공예,N,281,281,0,0,0,0,0
2025,7900,조경기능사,40,기능사,143,조경,N,123194,87533,7431,7474,7764,6441,6551
2025,7901,원예기능사,40,기능사,241,농업,N,8221,6480,128,450,526,257,380
2025,7903,조화공예기능사,40,기능사,232,목재.가구.공예,N,1308,1308,0,0,0,0,0
2025,7904,신발제조기능사,40,기능사,192,의복,N,2334,2212,21,10,34,29,28
2025,7905,제책기능사,40,기능사,231,인쇄.사진,N,112,112,0,0,0,0,0
2025,7907,미용사,40,기능사,121,이용.미용,N,406640,406640,0,0,0,0,0
2025,7908,이용사,40,기능사,121,이용.미용,N,72126,60370,2380,2351,2389,2276,2360
2025,7910,한식조리기능사,40,기능사,131,조리,N,1094642,1004824,22788,19198,17817,15448,14567
2025,7911,양식조리기능사,40,기능사,131,조리,N,348746,311753,9165,7816,6837,6622,6553
2025,7912,일식조리기능사,40,기능사,131,조리,N,91183,79926,2547,2318,2078,2089,2225
2025,7913,중식조리기능사,40,기능사,131,조리,N,113012,93032,4977,4178,3549,3609,3667
2025,7914,복어조리기능사,40,기능사,131,조리,N,18045,16478,293,255,363,312,344
2025,7916,조주기능사,40,기능사,131,조리,N,82275,61980,4683,4167,4328,3599,3518
2025,7917,피아노조율기능사,40,기능사,232,목재.가구.공예,N,2331,2255,10,25,14,16,11
2025,7918,환경기능사,40,기능사,261,환경,N,57372,43457,3058,2652,3014,2929,2262
2025,7920,영사기능사,40,기능사,83,방송,N,1738,1738,0,0,0,0,0
2025,7930,양화장치운전기능사,40,기능사,146,건설기계운전,N,2969,2564,58,74,85,104,84
2025,7931,남성복기능사,40,기능사,192,의복,N,1938,1695,65,52,51,31,44
2025,7932,여성복기능사,40,기능사,192,의복,N,19507,17955,370,345,307,269,261
2025,7937,미용사(일반),40,기능사,121,이용.미용,N,228640,172862,13627,11505,10199,10272,10175
2025,7940,승강기기능사,40,기능사,162,기계장비설비.설치,N,131380,108117,6083,4383,4640,4726,3431
2025,7947,미용사(피부),40,기능사,121,이용.미용,N,270961,219700,8428,11961,11225,10265,9382
2025,7950,표구기능사,40,기능사,232,목재.가구.공예,N,187,187,0,0,0,0,0
2025,7957,미용사(네일),40,기능사,121,이용.미용,N,121364,80131,10400,8886,8361,7316,6270
2025,7960,세탁기능사,40,기능사,192,의복,N,42765,40934,496,311,389,382,253
2025,7967,미용사(메이크업),40,기능사,121,이용.미용,N,67406,37428,5300,7654,5993,5648,5383
2025,7970,화약취급기능사,40,기능사,151,채광,N,4277,3933,50,45,87,57,105
2025,7980,보석감정사,40,기능사,232,목재.가구.공예,N,9651,8142,327,331,345,208,298
2025,7992,떡제조기능사,40,기능사,222,제과.제빵,N,19148,4543,3199,2910,3405,2754,2337
2025,8010,선반기능사보,41,기능사보,161,기계제작,N,11576,11576,0,0,0,0,0
2025,8020,형평삭기능사보,41,기능사보,161,기계제작,N,3,3,0,0,0,0,0
2025,8030,밀링기능사보,41,기능사보,161,기계제작,N,1477,1477,0,0,0,0,0
2025,8040,보오링기능사보,41,기능사보,161,기계제작,N,1,1,0,0,0,0,0
2025,8050,다듬질기능사보,41,기능사보,161,기계제작,N,7058,7058,0,0,0,0,0
2025,8061,기어절삭기능사보,41,기능사보,161,기계제작,N,20,20,0,0,0,0,0
2025,8062,연삭기능사보,41,기능사보,161,기계제작,N,78,78,0,0,0,0,0
2025,8070,공구제작기능사보,41,기능사보,167,금형.공작기계,N,3,3,0,0,0,0,0
2025,8080,프레스금형기능사보,41,기능사보,167,금형.공작기계,N,706,706,0,0,0,0,0
2025,8090,사출금형기능사보,41,기능사보,167,금형.공작기계,N,23,23,0,0,0,0,0
2025,8100,정밀측정기능사보,41,기능사보,161,기계제작,N,722,722,0,0,0,0,0
2025,8120,일반판금기능사보,41,기능사보,172,판금.제관.새시,N,746,746,0,0,0,0,0
2025,8130,타출판금기능사보,41,기능사보,172,판금.제관.새시,N,39,39,0,0,0,0,0
2025,8140,자동차판금기능사보,41,기능사보,172,판금.제관.새시,N,188,188,0,0,0,0,0
2025,8150,제관기능사보,41,기능사보,172,판금.제관.새시,N,2,2,0,0,0,0,0
2025,8160,철골구조물기능사보,41,기능사보,172,판금.제관.새시,N,230,230,0,0,0,0,0
2025,8170,배관기능사보,41,기능사보,145,건설배관,N,1022,1022,0,0,0,0,0
2025,8173,건축배관기능사보,41,기능사보,145,건설배관,N,7130,7130,0,0,0,0,0
2025,8174,공업배관기능사보,41,기능사보,145,건설배관,N,1913,1913,0,0,0,0,0
2025,8180,전기용접기능사보,41,기능사보,174,용접,N,54252,54252,0,0,0,0,0
2025,8190,가스용접기능사보,41,기능사보,174,용접,N,2909,2909,0,0,0,0,0
2025,8200,시계수리기능사보,41,기능사보,162,기계장비설비.설치,N,175,175,0,0,0,0,0
2025,8210,자동차새시정비기능사보,41,기능사보,166,자동차,N,15925,15925,0,0,0,0,0
2025,8220,자동차기관정비기능사보,41,기능사보,166,자동차,N,46484,46484,0,0,0,0,0
2025,8222,특수용접기능사보,41,기능사보,174,용접,N,3220,3220,0,0,0,0,0
2025,8230,자동차전기정비기능사보,41,기능사보,166,자동차,N,9934,9934,0,0,0,0,0
2025,8240,중기정비기능사보,41,기능사보,162,기계장비설비.설치,N,5719,5719,0,0,0,0,0
2025,8241,건설기계차체정비기능사보,41,기능사보,162,기계장비설비.설치,N,1010,1010,0,0,0,0,0
2025,8242,건설기계기관정비기능사보,41,기능사보,162,기계장비설비.설치,N,1081,1081,0,0,0,0,0
2025,8243,양화장치운전기능사보,41,기능사보,146,건설기계운전,N,1204,1204,0,0,0,0,0
2025,8251,농기계운전기능사보,41,기능사보,91,운전.운송,N,19713,19713,0,0,0,0,0
2025,8260,고압가스기계기능사보,41,기능사보,251,안전관리,N,244,244,0,0,0,0,0
2025,8270,고압가스냉동기계기능사보,41,기능사보,251,안전관리,N,3436,3436,0,0,0,0,0
2025,8280,고압가스취급기능사보,41,기능사보,251,안전관리,N,593,593,0,0,0,0,0
2025,8290,철도동력차기관정비기능사보,41,기능사보,163,철도,N,191,191,0,0,0,0,0
2025,8300,철도동력차전기정비기능사보,41,기능사보,163,철도,N,95,95,0,0,0,0,0
2025,8310,객화차정비기능사보,41,기능사보,163,철도,N,1287,1287,0,0,0,0,0
2025,8320,공기조화기능사보,41,기능사보,162,기계장비설비.설치,N,67,67,0,0,0,0,0
2025,8330,담배제조기계기능사보,41,기능사보,162,기계장비설비.설치,N,2127,2127,0,0,0,0,0
2025,8331,담배원료가공기능사보,41,기능사보,162,기계장비설비.설치,N,340,340,0,0,0,0,0
2025,8332,궐련제조기능사보,41,기능사보,162,기계장비설비.설치,N,340,340,0,0,0,0,0
2025,8333,담배포장기능사보,41,기능사보,162,기계장비설비.설치,N,536,536,0,0,0,0,0
2025,8334,담배재건조기능사보,41,기능사보,162,기계장비설비.설치,N,128,128,0,0,0,0,0
2025,8341,열처리기능사보,41,기능사보,171,금속.재료,N,811,811,0,0,0,0,0
2025,8360,주강용해기능사보,41,기능사보,173,단조.주조,N,21,21,0,0,0,0,0
2025,8361,광산기계기능사보,41,기능사보,151,채광,N,13,13,0,0,0,0,0
2025,8371,주조기능사보,41,기능사보,173,단조.주조,N,1265,1265,0,0,0,0,0
2025,8381,축로기능사보,41,기능사보,171,금속.재료,N,917,917,0,0,0,0,0
2025,8382,인발기능사보,41,기능사보,171,금속.재료,N,161,161,0,0,0,0,0
2025,8390,전기도금기능사보,41,기능사보,175,도장.도금,N,952,952,0,0,0,0,0
2025,8391,특수도금기능사보,41,기능사보,175,도장.도금,N,29,29,0,0,0,0,0
2025,8401,제선기능사보,41,기능사보,171,금속.재료,N,3,3,0,0,0,0,0
2025,8430,원형기능사보,41,기능사보,173,단조.주조,N,504,504,0,0,0,0,0
2025,8440,압연기능사보,41,기능사보,171,금속.재료,N,50,50,0,0,0,0,0
2025,8441,열간압연기능사보,41,기능사보,171,금속.재료,N,9,9,0,0,0,0,0
2025,8442,냉간압연기능사보,41,기능사보,171,금속.재료,N,34,34,0,0,0,0,0
2025,8450,단조기능사보,41,기능사보,173,단조.주조,N,59,59,0,0,0,0,0
2025,8481,축산기능사보,41,기능사보,242,축산,N,29,29,0,0,0,0,0
2025,8510,도자기제조기능사보,41,기능사보,171,금속.재료,N,828,828,0,0,0,0,0
2025,8520,유리제조기능사보,41,기능사보,171,금속.재료,N,56,56,0,0,0,0,0
2025,8530,고무제품제조기능사보,41,기능사보,181,화공,N,210,210,0,0,0,0,0
2025,8534,사진제판기능사보,41,기능사보,231,인쇄.사진,N,266,266,0,0,0,0,0
2025,8535,인쇄사진기능사보,41,기능사보,231,인쇄.사진,N,5,5,0,0,0,0,0
2025,8537,사진제판기능사보,41,기능사보,231,인쇄.사진,N,16,16,0,0,0,0,0
2025,8540,플라스틱제품제조기능사보,41,기능사보,181,화공,N,586,586,0,0,0,0,0
2025,8550,제지기능사보,41,기능사보,243,임업,N,16,16,0,0,0,0,0
2025,8551,제지기능사보,41,기능사보,243,임업,N,2,2,0,0,0,0,0
2025,8554,제지기능사보,41,기능사보,243,임업,N,1,1,0,0,0,0,0
2025,8560,가죽처리기능사보,41,기능사보,181,화공,N,8,8,0,0,0,0,0
2025,8570,고압가스화학기능사보,41,기능사보,251,안전관리,N,227,227,0,0,0,0,0
2025,8580,발전기기능사보,41,기능사보,201,전기,N,1023,1023,0,0,0,0,0
2025,8612,잠수기능사보,41,기능사보,142,토목,N,289,289,0,0,0,0,0
2025,8620,내선공사기능사보,41,기능사보,201,전기,N,16307,16307,0,0,0,0,0
2025,8630,외선공사기능사보,41,기능사보,201,전기,N,4984,4984,0,0,0,0,0
2025,8631,버섯종묘기능사보,41,기능사보,243,임업,N,4,4,0,0,0,0,0
2025,8632,영림기능사보,41,기능사보,243,임업,N,1489,1489,0,0,0,0,0
2025,8640,동력배선기능사보,41,기능사보,201,전기,N,230,230,0,0,0,0,0
2025,8650,신호보안기능사보,41,기능사보,201,전기,N,50,50,0,0,0,0,0
2025,8670,전자기기기능사보,41,기능사보,202,전자,N,26501,26501,0,0,0,0,0
2025,8691,선로설비기능사보,41,기능사보,213,통신,N,209,209,0,0,0,0,0
2025,8701,정보통신운용기능사보,41,기능사보,213,통신,N,9787,9787,0,0,0,0,0
2025,8720,전화교환기능사보,41,기능사보,213,통신,N,26,26,0,0,0,0,0
2025,8723,한복기능사보,41,기능사보,192,의복,N,345,345,0,0,0,0,0
2025,8740,조선요철기능사보,41,기능사보,164,조선,N,62,62,0,0,0,0,0
2025,8760,선박기관정비기능사보,41,기능사보,164,조선,N,12,12,0,0,0,0,0
2025,8770,석공기능사보,41,기능사보,142,토목,N,280,280,0,0,0,0,0
2025,8780,보선기능사보,41,기능사보,142,토목,N,1219,1219,0,0,0,0,0
2025,8790,콘크리트기능사보,41,기능사보,142,토목,N,3695,3695,0,0,0,0,0
2025,8792,축소사진기능사보,41,기능사보,231,인쇄.사진,N,13,13,0,0,0,0,0
2025,8795,사진기능사보,41,기능사보,231,인쇄.사진,N,1348,1348,0,0,0,0,0
2025,8800,방수기능사보,41,기능사보,141,건축,N,1891,1891,0,0,0,0,0
2025,8801,전자계산기기능사보,41,기능사보,202,전자,N,108,108,0,0,0,0,0
2025,8810,포장기능사보,41,기능사보,24,생산관리,N,546,546,0,0,0,0,0
2025,8820,갱부기능사보,41,기능사보,151,채광,N,3,3,0,0,0,0,0
2025,8830,조적기능사보,41,기능사보,141,건축,N,11337,11337,0,0,0,0,0
2025,8840,철근기능사보,41,기능사보,141,건축,N,3202,3202,0,0,0,0,0
2025,8860,창호제작기능사보,41,기능사보,141,건축,N,39,39,0,0,0,0,0
2025,8861,목재창호기능사보,41,기능사보,141,건축,N,868,868,0,0,0,0,0
2025,8862,금속재창호기능사보,41,기능사보,172,판금.제관.새시,N,978,978,0,0,0,0,0
2025,8870,미장기능사보,41,기능사보,141,건축,N,19549,19549,0,0,0,0,0
2025,8880,비계기능사보,41,기능사보,141,건축,N,196,196,0,0,0,0,0
2025,8890,건축목공기능사보,41,기능사보,141,건축,N,10632,10632,0,0,0,0,0
2025,8892,석조각기능사보,41,기능사보,232,목재.가구.공예,N,14,14,0,0,0,0,0
2025,8893,석연마기능사보,41,기능사보,232,목재.가구.공예,N,12,12,0,0,0,0,0
2025,8894,석절삭기능사보,41,기능사보,232,목재.가구.공예,N,3,3,0,0,0,0,0
2025,8900,가구제작기능사보,41,기능사보,232,목재.가구.공예,N,2741,2741,0,0,0,0,0
2025,8910,건축도장기능사보,41,기능사보,141,건축,N,2785,2785,0,0,0,0,0
2025,8918,오물처리사보,41,기능사보,261,환경,N,327,327,0,0,0,0,0
2025,8921,구들온돌기능사보,41,기능사보,141,건축,N,1283,1283,0,0,0,0,0
2025,8922,온수온돌기능사보,41,기능사보,141,건축,N,9138,9138,0,0,0,0,0
2025,8930,거푸집기능사보,41,기능사보,141,건축,N,1884,1884,0,0,0,0,0
2025,8931,자료입력기능사보,41,기능사보,211,정보기술,N,882,882,0,0,0,0,0
2025,8940,도배기능사보,41,기능사보,141,건축,N,748,748,0,0,0,0,0
2025,8950,기와기능사보,41,기능사보,141,건축,N,3,3,0,0,0,0,0
2025,8970,타일기능사보,41,기능사보,141,건축,N,3345,3345,0,0,0,0,0
2025,8980,방적기보전기능사보,41,기능사보,191,섬유,N,294,294,0,0,0,0,0
2025,8990,방적기조정기능사보,41,기능사보,191,섬유,N,60,60,0,0,0,0,0
2025,9000,생사기능사보,41,기능사보,191,섬유,N,12,12,0,0,0,0,0
2025,9010,직기보전기능사보,41,기능사보,191,섬유,N,166,166,0,0,0,0,0
2025,9020,직기조정기능사보,41,기능사보,191,섬유,N,1304,1304,0,0,0,0,0
2025,9030,정련표백기능사보,41,기능사보,191,섬유,N,641,641,0,0,0,0,0
2025,9040,침염기능사보,41,기능사보,191,섬유,N,453,453,0,0,0,0,0
2025,9050,날염기능사보,41,기능사보,191,섬유,N,227,227,0,0,0,0,0
2025,9060,직물가공기능사보,41,기능사보,191,섬유,N,104,104,0,0,0,0,0
2025,9061,호부기조정기능사보,41,기능사보,191,섬유,N,32,32,0,0,0,0,0
2025,9070,시추기능사보,41,기능사보,151,채광,N,2310,2310,0,0,0,0,0
2025,9080,굴착기능사보,41,기능사보,151,채광,N,2123,2123,0,0,0,0,0
2025,9090,굴진기능사보,41,기능사보,151,채광,N,1384,1384,0,0,0,0,0
2025,9100,지주기능사보,41,기능사보,151,채광,N,1883,1883,0,0,0,0,0
2025,9110,선광기능사보,41,기능사보,151,채광,N,7,7,0,0,0,0,0
2025,9151,유리시공기능사보,41,기능사보,141,건축,N,227,227,0,0,0,0,0
2025,9170,나전칠기기능사보,41,기능사보,232,목재.가구.공예,N,34,34,0,0,0,0,0
2025,9190,금속도장기능사보,41,기능사보,175,도장.도금,N,842,842,0,0,0,0,0
2025,9200,귀금속가공기능사보,41,기능사보,232,목재.가구.공예,N,936,936,0,0,0,0,0
2025,9210,목공예기능사보,41,기능사보,232,목재.가구.공예,N,1016,1016,0,0,0,0,0
2025,9220,인판공예기능사보,41,기능사보,232,목재.가구.공예,N,1,1,0,0,0,0,0
2025,9230,문선식자기능사보,41,기능사보,231,인쇄.사진,N,346,346,0,0,0,0,0
2025,9231,문선식자기능사보,41,기능사보,231,인쇄.사진,N,196,196,0,0,0,0,0
2025,9232,문선식자기능사보,41,기능사보,231,인쇄.사진,N,49,49,0,0,0,0,0
2025,9240,지형연판기능사보,41,기능사보,231,인쇄.사진,N,1,1,0,0,0,0,0
2025,9253,인쇄기능사보,41,기능사보,231,인쇄.사진,N,1110,1110,0,0,0,0,0
2025,9254,평판인쇄기능사보,41,기능사보,231,인쇄.사진,N,3760,3760,0,0,0,0,0
2025,9255,인쇄기능사보,41,기능사보,231,인쇄.사진,N,30,30,0,0,0,0,0
2025,9260,주조조판기기능사보,41,기능사보,231,인쇄.사진,N,8,8,0,0,0,0,0
2025,9262,평판제판기능사보,41,기능사보,231,인쇄.사진,N,310,310,0,0,0,0,0
2025,9263,제판기능사보,41,기능사보,231,인쇄.사진,N,3,3,0,0,0,0,0
2025,9270,옵셋제판기능사보,41,기능사보,231,인쇄.사진,N,52,52,0,0,0,0,0
2025,9280,홍삼제조기능사보,41,기능사보,221,식품,N,171,171,0,0,0,0,0
2025,9321,농산식품가공기능사보,41,기능사보,221,식품,N,52,52,0,0,0,0,0
2025,9322,축산식품가공기능사보,41,기능사보,221,식품,N,42,42,0,0,0,0,0
2025,9323,수산제조기능사보,41,기능사보,221,식품,N,16,16,0,0,0,0,0
2025,9330,원예종묘기능사보,41,기능사보,241,농업,N,171,171,0,0,0,0,0
2025,9340,임업종묘기능사보,41,기능사보,243,임업,N,1,1,0,0,0,0,0
2025,9371,교환설비기능사보,41,기능사보,213,통신,N,924,924,0,0,0,0,0
2025,9380,전기기기기능사보,41,기능사보,201,전기,N,6737,6737,0,0,0,0,0
2025,9391,수편물기능사보,41,기능사보,191,섬유,N,193,193,0,0,0,0,0
2025,9392,기계편물기능사보,41,기능사보,191,섬유,N,980,980,0,0,0,0,0
2025,9401,수자수공예기능사보,41,기능사보,232,목재.가구.공예,N,578,578,0,0,0,0,0
2025,9402,기계자수공예기능사보,41,기능사보,232,목재.가구.공예,N,528,528,0,0,0,0,0
2025,9422,담배제조기계기능사보,41,기능사보,162,기계장비설비.설치,N,1,1,0,0,0,0,0
2025,9430,광산기계운전및수리기능사보,41,기능사보,151,채광,N,1,1,0,0,0,0,0
2025,9433,시멘트제조기능사보,41,기능사보,171,금속.재료,N,58,58,0,0,0,0,0
2025,9434,가구도장기능사보,41,기능사보,141,건축,N,400,400,0,0,0,0,0
2025,9435,광고도장기능사보,41,기능사보,175,도장.도금,N,625,625,0,0,0,0,0
2025,9436,보석가공기능사보,41,기능사보,232,목재.가구.공예,N,92,92,0,0,0,0,0
2025,9437,도자기공예기능사보,41,기능사보,232,목재.가구.공예,N,55,55,0,0,0,0,0
2025,9438,인장공예기능사보,41,기능사보,232,목재.가구.공예,N,1445,1445,0,0,0,0,0
2025,9439,제과사보,41,기능사보,222,제과.제빵,N,262,262,0,0,0,0,0
2025,9440,제빵사보,41,기능사보,222,제과.제빵,N,567,567,0,0,0,0,0
2025,9441,양복재단기능사보,41,기능사보,192,의복,N,72,72,0,0,0,0,0
2025,9442,양복봉재기능사보,41,기능사보,192,의복,N,4186,4186,0,0,0,0,0
2025,9443,양장재단기능사보,41,기능사보,192,의복,N,667,667,0,0,0,0,0
2025,9444,양장봉재기능사보,41,기능사보,192,의복,N,5563,5563,0,0,0,0,0
2025,9445,등죽세공예기능사보,41,기능사보,232,목재.가구.공예,N,8,8,0,0,0,0,0
2025,9447,채소재배기능사보,41,기능사보,241,농업,N,198,198,0,0,0,0,0
2025,9448,과수재배기능사보,41,기능사보,241,농업,N,67,67,0,0,0,0,0
2025,9449,화훼재배기능사보,41,기능사보,241,농업,N,598,598,0,0,0,0,0
2025,9450,조경기능사보,41,기능사보,143,조경,N,1893,1893,0,0,0,0,0
2025,9451,시설원예기능사보,41,기능사보,241,농업,N,38,38,0,0,0,0,0
2025,9452,조화공예기능사보,41,기능사보,232,목재.가구.공예,N,247,247,0,0,0,0,0
2025,9455,제책기능사보,41,기능사보,231,인쇄.사진,N,231,231,0,0,0,0,0
2025,9462,신발류제조기능사보,41,기능사보,192,의복,N,117,117,0,0,0,0,0
2025,9470,합판제조기능사보,41,기능사보,141,건축,N,37,37,0,0,0,0,0
2025,9480,그라비아인쇄기능사보,41,기능사보,231,인쇄.사진,N,54,54,0,0,0,0,0
2025,9999,인수통합종목,41,기능사보,161,기계제작,N,20,20,0,0,0,0,0