우선순위,API명,실제 링크,부모 카테고리,자식 카테고리,DIDIM 활용
1,온통청년 OPEN API,링크,자기이해 및 심리상담 / 일 경험 및 사회활동 / 사후관리 / 경제·주거지원,"자기이해 워크숍, 청년도전지원사업, 자기개발 및 진로탐색, 일경험 프로그램, 지역 청년지원 정책, 생활비·주거 관련 청년정책",청년 유형별 정책 검색 및 맞춤 추천
2,한국사회보장정보원 중앙부처복지서비스 API,링크,자기이해 및 심리상담 / 경제·생계·주거지원 / 가족지원,"심리상담, 정신건강 지원, 생계급여, 긴급복지, 주거지원, 가족상담·가족교육 관련 복지서비스",심리·생계·주거·복지서비스 추천
3,한국사회보장정보원 지자체복지서비스 API,링크,치유적 관계형성 / 사후관리 / 경제·생계·주거지원,"지역 기반 상담, 지역 복지서비스, 사회적 관계 회복 프로그램, 자조모임, 지역 긴급지원, 지자체 주거·생활지원",사용자 거주지역 기반 복지서비스 추천
4,워크넷 정부지원일자리정보 참여자모집상세정보 API,링크,일 경험 및 사회활동,"청년도전지원사업, 일경험 프로그램, 정부지원 일자리 참여자 모집, 고립·은둔청년 활동가 양성 및 사회활동 프로그램",회복 단계 청년의 사회참여·일경험 프로그램 연결
5,워크넷 정부지원일자리정보 일자리사업정보 API,링크,일 경험 및 사회활동,"일자리사업명, 주관기관, 사업유형, 자기개발, 진로탐색, 정부지원 일자리사업 정보",일자리 사업 분류 및 추천 기준 데이터 수집
6,워크넷 채용정보 API,링크,통합된 삶 / 사후관리,"회복 이후 취업연계, 채용정보, 직무정보, 지역별 구인정보",사회복귀 이후 취업·채용정보 추천
7,건강가정지원센터 API,링크,가족지원,"가족상담, 가족교육, 가족관계 회복, 보호자 상담, 가족지원센터 위치·연락처",가족상담 및 가족교육 기관 연결
8,여성·가족·청소년·권익시설정보 API,링크,가족지원 / 자기이해 및 심리상담 / 치유적 관계형성,"청소년상담복지센터, 가족지원센터, 상담시설, 지역 보호·권익시설, 관계회복 지원기관",지역 상담기관·가족지원기관 추천
9,서울청년기지개센터 공식 사업/프로그램 정보,https://siryc.or.kr/boards/news?page=2,자기이해 및 심리상담 / 치유적 관계형성 / 일 경험 및 사회활동 / 사후관리,"온라인기지개센터, 찾아가는 안심지원, 권역센터, 심리·정서, 일상회복, 관계망 형성, 밀착지원, 사회진입, 기지개 컴퍼니, 청년플랜브릿지","서울 거주 고립·은둔 청년에게 실제 신청 가능한 프로그램을 유형별로 추천하고, DIDIM 결과 화면에서 상담·회복·사회참여 단계별 연결 링크로 활용"
