var,section,category,pct_iso,pct_gen,diff,h,ni,ng
A7,【A7】 외출 빈도,직장이나 학교로 평일은 매일 외출한다,25.1,58.0,-32.9,0.682,486,5027
A7,【A7】 외출 빈도,직장이나 학교로 일주일에 3~4일 외출한다,5.3,10.3,-4.9,0.185,486,5027
A7,【A7】 외출 빈도,여가생활을 위해 자주 외출한다,5.3,9.4,-4.1,0.158,486,5027
A7,【A7】 외출 빈도,사람을 만나기 위해 가끔 외출한다,8.6,11.9,-3.2,0.106,486,5027
A7,【A7】 외출 빈도,"보통은 집에 있지만, 자신의 취미생활만을 위해 외출한다",17.3,4.5,12.8,0.432,486,5027
A7,【A7】 외출 빈도,"보통은 집에 있지만, 인근 편의점 등에 외출한다",24.3,4.2,20.1,0.617,486,5027
A7,【A7】 외출 빈도,"자기 방에서 나오지만, 집 밖으로는 나가지 않는다",7.0,1.1,5.9,0.328,486,5027
A7,【A7】 외출 빈도,자기 방에서 거의 나오지 않는다,7.0,0.7,6.3,0.371,486,5027
A8,【A8】 은둔 기간,3개월 미만,7.0,19.5,-12.4,0.377,270,524
A8,【A8】 은둔 기간,3개월 이상 ~ 6개월 미만,7.8,16.2,-8.4,0.264,270,524
A8,【A8】 은둔 기간,6개월 이상 ~ 1년 미만,11.9,14.5,-2.7,0.078,270,524
A8,【A8】 은둔 기간,1년 이상 ~ 3년 미만,28.1,26.5,1.6,0.036,270,524
A8,【A8】 은둔 기간,3년 이상 ~ 5년 미만,16.7,10.7,6.0,0.175,270,524
A8,【A8】 은둔 기간,5년 이상 ~ 7년 미만,9.6,4.6,5.0,0.2,270,524
A8,【A8】 은둔 기간,7년 이상 ~ 10년 미만,7.4,2.3,5.1,0.247,270,524
A8,【A8】 은둔 기간,10년 이상,11.5,5.7,5.8,0.208,270,524
A9,【A9】 과거 은둔 생활 여부,있음,75.3,53.4,21.9,0.463,486,5027
A9,【A9】 과거 은둔 생활 여부,없음,24.7,46.6,-21.9,0.463,486,5027
A9,【A9_1】 최초 은둔 시작 시기,19세 이하,13.2,8.6,4.6,0.148,364,2629
A9,【A9_1】 최초 은둔 시작 시기,20~24세,39.0,39.7,-0.7,0.014,364,2629
A9,【A9_1】 최초 은둔 시작 시기,25~29세,31.3,34.9,-3.6,0.076,364,2629
A9,【A9_1】 최초 은둔 시작 시기,30~34세,12.4,12.5,-0.2,0.005,364,2629
A9,【A9_1】 최초 은둔 시작 시기,35~39세,4.1,4.3,-0.2,0.011,364,2629
A13_1,【A13_1】 물리적 고립▶가족들과의 대면 교류,전혀없다,14.4,1.0,13.4,0.577,486,5027
A13_1,【A13_1】 물리적 고립▶가족들과의 대면 교류,1년에한두 번,10.9,3.8,7.1,0.283,486,5027
A13_1,【A13_1】 물리적 고립▶가족들과의 대면 교류,3개월에한두 번,9.1,13.0,-3.9,0.126,486,5027
A13_1,【A13_1】 물리적 고립▶가족들과의 대면 교류,한 달에한두 번,12.1,21.9,-9.7,0.262,486,5027
A13_1,【A13_1】 물리적 고립▶가족들과의 대면 교류,일주일에한두 번,15.8,20.4,-4.5,0.117,486,5027
A13_1,【A13_1】 물리적 고립▶가족들과의 대면 교류,거의 매일 (일주일에서너 번이상),37.7,40.0,-2.4,0.049,486,5027
A17,【A17】 온라인 대화 여부,그렇다,43.0,57.5,-14.5,0.29,486,5027
A17,【A17】 온라인 대화 여부,그렇지 않다,57.0,42.5,14.5,0.29,486,5027
A17,【A17_1_1 TO A17_1_5】 온라인 대화 방식,게임에서 만난다,24.4,19.5,4.9,0.12,209,2889
A17,【A17_1_1 TO A17_1_5】 온라인 대화 방식,온라인 커뮤니티 등에 게시글이나 댓글 등을 적는다,47.4,43.3,4.1,0.082,209,2889
A17,【A17_1_1 TO A17_1_5】 온라인 대화 방식,메신저로 채팅을 한다,48.8,58.6,-9.8,0.196,209,2889
A17,【A17_1_1 TO A17_1_5】 온라인 대화 방식,SNS 활동을 한다,34.4,44.0,-9.5,0.195,209,2889
A17,【A17_1_1 TO A17_1_5】 온라인 대화 방식,기타(기입: [TEXT_1]),1.4,0.3,1.2,0.135,209,2889
B2,【B2】 평균 수면 시간,4시간 이하,6.5,4.1,2.4,0.109,368,4985
B2,【B2】 평균 수면 시간,5~6시간,41.3,39.5,1.8,0.036,368,4985
B2,【B2】 평균 수면 시간,7~8시간,44.8,51.9,-7.1,0.141,368,4985
B2,【B2】 평균 수면 시간,9시간 이상,7.3,4.5,2.8,0.121,368,4985
B2,【B2_R】 수면 시간(Recode),4시간 미만,3.5,1.6,2.0,0.127,369,4984
B2,【B2_R】 수면 시간(Recode),4~8시간 미만,69.9,73.9,-3.9,0.088,369,4984
B2,【B2_R】 수면 시간(Recode),8~12시간 미만,25.2,24.1,1.1,0.025,369,4984
B2,【B2_R】 수면 시간(Recode),12~16시간 미만,1.1,0.4,0.7,0.085,369,4984
B2,【B2_R】 수면 시간(Recode),16시간 이상,0.3,0.1,0.2,0.055,369,4984
B3,【B3】 가장 활발한 활동 시간대,새벽,16.5,7.5,9.0,0.283,369,4985
B3,【B3】 가장 활발한 활동 시간대,오전,10.6,18.6,-8.0,0.228,369,4985
B3,【B3】 가장 활발한 활동 시간대,오후,39.6,50.1,-10.6,0.213,369,4985
B3,【B3】 가장 활발한 활동 시간대,밤,27.1,22.6,4.5,0.105,369,4985
B3,【B3】 가장 활발한 활동 시간대,없음,6.2,1.2,5.0,0.283,369,4985
B4,【B4】 주 외출 시간대,새벽,2.6,2.3,0.3,0.018,312,4897
B4,【B4】 주 외출 시간대,오전,21.8,27.2,-5.4,0.125,312,4897
B4,【B4】 주 외출 시간대,오후,56.4,59.8,-3.4,0.068,312,4897
B4,【B4】 주 외출 시간대,밤,16.0,10.3,5.8,0.172,312,4897
B4,【B4】 주 외출 시간대,없음,3.2,0.5,2.7,0.214,312,4897
B7,【B7】 평소 식사 횟수,하루에 4끼 이상,1.6,1.2,0.4,0.037,486,5027
B7,【B7】 평소 식사 횟수,하루에 3끼,23.7,34.9,-11.2,0.248,486,5027
B7,【B7】 평소 식사 횟수,하루에 2끼,56.8,58.1,-1.4,0.027,486,5027
B7,【B7】 평소 식사 횟수,하루에 1끼,13.0,4.8,8.2,0.295,486,5027
B7,【B7】 평소 식사 횟수,2~3일 간격으로 1끼,1.6,0.6,1.0,0.098,486,5027
B7,【B7】 평소 식사 횟수,거의 먹지 않음,2.1,0.3,1.8,0.182,486,5027
B7,【B7】 평소 식사 횟수,기타(기입:  [TEXT_1] ),1.2,0.0,1.2,0.194,486,5027
B8,【B8】 평소 식사 방식,혼자서 직접 차려 먹는다,47.3,38.1,9.2,0.186,486,5027
B8,【B8】 평소 식사 방식,혼자서 배달시켜 먹는다,18.1,14.0,4.1,0.111,486,5027
B8,【B8】 평소 식사 방식,가족이 식탁에 차려 놓으면 혼자 먹는다,11.3,12.5,-1.2,0.037,486,5027
B8,【B8】 평소 식사 방식,가족과 같이 식사한다,21.4,34.6,-13.2,0.295,486,5027
B8,【B8】 평소 식사 방식,가족이 식사를 차려서 방 앞에 두거나 방에 넣어 준다,1.9,0.8,1.1,0.097,486,5027
B9,【B9_1】 자기관리 및 청결 ▶옷을 갈아입는다,한 달에한 번,2.1,0.6,1.5,0.136,486,5027
B9,【B9_1】 자기관리 및 청결 ▶옷을 갈아입는다,2~3주에한 번,4.1,2.1,2.0,0.12,486,5027
B9,【B9_1】 자기관리 및 청결 ▶옷을 갈아입는다,일주일에한 번,11.1,9.1,2.0,0.067,486,5027
B9,【B9_1】 자기관리 및 청결 ▶옷을 갈아입는다,2~3일에한 번,37.9,17.4,20.5,0.465,486,5027
B9,【B9_1】 자기관리 및 청결 ▶옷을 갈아입는다,매일,44.9,70.9,-26.0,0.534,486,5027
B9,【B9_2】 자기관리 및 청결 ▶목욕/샤워를 한다,한 달에한 번,2.1,0.3,1.8,0.186,486,5027
B9,【B9_2】 자기관리 및 청결 ▶목욕/샤워를 한다,2~3주에한 번,3.3,3.2,0.1,0.004,486,5027
B9,【B9_2】 자기관리 및 청결 ▶목욕/샤워를 한다,일주일에한 번,8.8,8.0,0.9,0.031,486,5027
B9,【B9_2】 자기관리 및 청결 ▶목욕/샤워를 한다,2~3일에한 번,37.7,19.2,18.5,0.414,486,5027
B9,【B9_2】 자기관리 및 청결 ▶목욕/샤워를 한다,매일,48.1,69.3,-21.2,0.434,486,5027
B9,【B9_3】 자기관리 및 청결 ▶세수/양치를 한다,한 달에한 번,1.6,0.4,1.3,0.134,486,5027
B9,【B9_3】 자기관리 및 청결 ▶세수/양치를 한다,2~3주에한 번,1.4,2.0,-0.6,0.045,486,5027
B9,【B9_3】 자기관리 및 청결 ▶세수/양치를 한다,일주일에한 번,3.5,7.3,-3.8,0.169,486,5027
B9,【B9_3】 자기관리 및 청결 ▶세수/양치를 한다,2~3일에한 번,10.3,7.1,3.2,0.113,486,5027
B9,【B9_3】 자기관리 및 청결 ▶세수/양치를 한다,매일,83.1,83.2,-0.1,0.002,486,5027
B9,【B9_4】 자기관리 및 청결 ▶내 방의 어질러진 물건들을 정리 정돈한다,한 달에한 번,18.3,4.2,14.1,0.471,486,5027
B9,【B9_4】 자기관리 및 청결 ▶내 방의 어질러진 물건들을 정리 정돈한다,2~3주에한 번,11.9,6.4,5.6,0.195,486,5027
B9,【B9_4】 자기관리 및 청결 ▶내 방의 어질러진 물건들을 정리 정돈한다,일주일에한 번,20.8,22.5,-1.7,0.041,486,5027
B9,【B9_4】 자기관리 및 청결 ▶내 방의 어질러진 물건들을 정리 정돈한다,2~3일에한 번,23.0,31.5,-8.5,0.191,486,5027
B9,【B9_4】 자기관리 및 청결 ▶내 방의 어질러진 물건들을 정리 정돈한다,매일,25.9,35.4,-9.5,0.207,486,5027
