section,category,pct_isolated,pct_general,n_iso,n_gen,chi2,p_value,cohen_h,diff_pct,significant
"【A13_4】 물리적 고립▶이외 직장, 학교, 동네에서 알고 지내는 사람들과 대면 교류(업무 상 교류 제외)",전혀없다,62.551,8.017,486,5027,1178.8982,0.0,1.2504,54.534,True
【A14】 고립 기간,3개월 미만,3.15,47.929,486,5027,361.5873,0.0,1.1725,-44.779,True
【A12_1_1 TO A12_1_4】 정서적 고립▶중요하거나 어려운 일이 있을 때 조언을 구할 수 있는 사람,친구,19.959,74.995,486,5027,640.9523,0.0,1.168,-55.036,True
【C8_4_1 TO C8_4_8】 서울시 고립·은둔청년 지원 사업 도움이 되지 않은 이유,고립·은둔 상황을 벗어나는 데 실제적인 도움을 주지 못해서,60.0,11.364,486,5027,796.7992,0.0,1.0845,48.636,True
【A12_4_1 TO A12_4_4】 정서적 고립▶낙심하거나 우울할 때 속마음을 털어놓을 수 있는 사람,없음,55.967,9.429,486,5027,820.2845,0.0,1.0662,46.538,True
"【A12_2_1 TO A12_2_4】 정서적 고립▶급한 일이 있을 때, 부탁할 수 있는 사람",친구,14.403,63.338,486,5027,438.766,0.0,1.0623,-48.935,True
【A12_4_1 TO A12_4_4】 정서적 고립▶낙심하거나 우울할 때 속마음을 털어놓을 수 있는 사람,친구,16.461,65.407,486,5027,446.649,0.0,1.0485,-48.946,True
【A13_3】 물리적 고립▶친한 친구나 친한 사람과의 대면 교류,전혀없다,33.745,1.134,486,5027,1224.7536,0.0,1.0263,32.611,True
"【A12_2_1 TO A12_2_4】 정서적 고립▶급한 일이 있을 때, 부탁할 수 있는 사람",없음,39.3,3.342,486,5027,941.2314,0.0,0.9874,35.958,True
【A12_1_1 TO A12_1_4】 정서적 고립▶중요하거나 어려운 일이 있을 때 조언을 구할 수 있는 사람,없음,36.831,3.242,486,5027,859.2531,0.0,0.9422,33.589,True
【A1】 지난주 노동 여부,일을 하지 않았다.,50.206,9.827,486,5027,623.1761,0.0,0.9372,40.379,True
【A1】 지난주 노동 여부,일을 하였다.,41.975,84.703,486,5027,524.3385,0.0,0.9283,-42.728,True
"【A12_3_1 TO A12_3_4】 정서적 고립▶개인적으로 돈을 빌려야 할 때, 부탁할 수 있는 사람",없음,45.679,7.738,486,5027,647.3387,0.0,0.9205,37.941,True
【A6】 본인의 주관적 경제 수준,매우 부족함,51.562,11.936,486,5027,535.3563,0.0,0.8965,39.626,True
"【A12_3_1 TO A12_3_4】 정서적 고립▶개인적으로 돈을 빌려야 할 때, 부탁할 수 있는 사람",친구,7.407,43.187,486,5027,236.3163,0.0,0.8828,-35.78,True
【A11】 지난 2주 동안 교류 횟수,0회,26.829,1.665,486,5027,746.9836,0.0,0.8302,25.164,True
【C7x3】 병원 진단 및 치료▶제공 기간,6개월 이상,70.0,30.788,486,5027,301.8717,0.0,0.8059,39.212,True
【A13_2】 물리적 고립▶친인척들과의 대면 교류,전혀없다,44.65,10.463,486,5027,444.1611,0.0,0.8048,34.187,True
"【A2_1_4】 미취업 이유▶학교, 학원, 훈련기관 등을 다니며 취업 또는 학업을 준비하고 있어서",아니오 (해당하지 않음),84.247,48.011,486,5027,231.6022,0.0,0.7943,36.236,True
"【A2_1_4】 미취업 이유▶학교, 학원, 훈련기관 등을 다니며 취업 또는 학업을 준비하고 있어서",예 (해당함),15.753,51.989,486,5027,231.6022,0.0,0.7943,-36.236,True
【A10】 지난 2주간 교류 상대,없음,24.119,1.344,486,5027,705.4505,0.0,0.7943,22.775,True
【A13_3】 물리적 고립▶친한 친구나 친한 사람과의 대면 교류,1년에한두 번,34.774,5.49,486,5027,512.1261,0.0,0.7883,29.284,True
【B11_1】 약물 복용 기간,5년 이상,51.064,16.23,486,5027,344.508,0.0,0.7628,34.834,True
【A18_2】 외로움 척도▶나는 도움을 청할 사람이 아무도 없다,항상그렇다,30.041,4.058,486,5027,503.2036,0.0,0.7545,25.983,True
【B10】 주관적 건강상태,Bottom2(①+②),43.21,11.319,486,5027,371.4528,0.0,0.7483,31.891,True
【C8_2】 서울시 고립·은둔청년 지원 사업에 대해 참여 경험,참여하고 있다,42.754,11.211,486,5027,366.9788,0.0,0.7425,31.543,True
【A18_2】 외로움 척도▶나는 도움을 청할 사람이 아무도 없다,Top2(③+④),67.901,31.908,486,5027,252.0949,0.0,0.7364,35.993,True
【A18_2】 외로움 척도▶나는 도움을 청할 사람이 아무도 없다,Bottom2(①+②),32.099,68.092,486,5027,252.0949,0.0,0.7364,-35.993,True
【A18_1】 외로움 척도▶나는 나와 같이 있어 줄 사람이 부족하다,항상그렇다,30.247,5.053,486,5027,417.0605,0.0,0.7112,25.194,True
【B12_2】 우울 척도▶평소 하던 일에 대한 흥미가 없어지거나 즐거움을 느끼지 못했다.,거의 매일,29.012,4.575,486,5027,421.6235,0.0,0.7065,24.437,True
【C8_4_1 TO C8_4_8】 서울시 고립·은둔청년 지원 사업 도움이 되지 않은 이유,지원받는 절차가 까다롭고 복잡해서,10.0,38.636,486,5027,156.5514,0.0,0.698,-28.636,True
【A13_3】 물리적 고립▶친한 친구나 친한 사람과의 대면 교류,일주일에한두 번,4.938,29.381,486,5027,133.6297,0.0,0.6976,-24.443,True
"【B12_1】 우울 척도▶기분이 가라앉거나, 우울하거나, 희망이 없다고 느꼈다.",거의 매일,25.926,3.402,486,5027,441.1045,0.0,0.6974,22.524,True
【A18_4】 외로움 척도▶나는 사람들 사이에서 고립되어 있다고 느껴진다,Top2(③+④),70.782,36.781,486,5027,213.8589,0.0,0.6962,34.001,True
【A18_4】 외로움 척도▶나는 사람들 사이에서 고립되어 있다고 느껴진다,Bottom2(①+②),29.218,63.219,486,5027,213.8589,0.0,0.6962,-34.001,True
【A18_4】 외로움 척도▶나는 사람들 사이에서 고립되어 있다고 느껴진다,항상그렇다,30.864,5.789,486,5027,378.6283,0.0,0.6921,25.075,True
【A7】 외출 빈도,직장이나 학교로 평일은 매일 외출한다,25.103,58.007,486,5027,193.9387,0.0,0.6821,-32.904,True
"【B12_7】 우울 척도▶내가 잘못했거나, 실패했다는 생각이 들었다/혹은 자신과 가족을 실망시켰다고 생각했다.",거의 매일,28.395,4.874,486,5027,379.2648,0.0,0.6788,23.521,True
【A16_1 TO A16_11】 고립/은둔 계기,"심리적 또는 정신적인 어려움(우울, 불안, 공황, 대인기피, 조현병 등) 때문에",40.947,12.135,486,5027,293.8089,0.0,0.6771,28.812,True
【B10】 주관적 건강상태,Top2(④+⑤),15.844,46.23,486,5027,166.4445,0.0,0.6766,-30.386,True
"【A13_4】 물리적 고립▶이외 직장, 학교, 동네에서 알고 지내는 사람들과 대면 교류(업무 상 교류 제외)",일주일에한두 번,3.498,25.164,486,5027,116.5645,0.0,0.6747,-21.666,True
"【B12_1】 우울 척도▶기분이 가라앉거나, 우울하거나, 희망이 없다고 느꼈다.",없음,22.222,54.167,486,5027,181.0288,0.0,0.6725,-31.945,True
【B12_6】 우울 척도▶피곤하고 기운이 없었다.,거의 매일,34.774,8.434,486,5027,320.2719,0.0,0.672,26.34,True
【B1_1】 평소 생활 패턴▶나는 우리 가족과 친밀한 편이다,Bottom2(①+②),33.951,8.136,486,5027,316.6004,0.0,0.6655,25.815,True
"【B12_7】 우울 척도▶내가 잘못했거나, 실패했다는 생각이 들었다/혹은 자신과 가족을 실망시켰다고 생각했다.",없음,25.72,57.887,486,5027,185.3108,0.0,0.6655,-32.167,True
【B1_2】 평소 생활 패턴▶나는 평소 가족과 대화를 자주 하는 편이다,Bottom2(①+②),40.535,12.373,486,5027,277.8605,0.0,0.6615,28.162,True
【A18_3】 외로움 척도▶나는 혼자 남겨진 것 같다고 느껴진다,Bottom2(①+②),30.247,61.667,486,5027,180.7198,0.0,0.6416,-31.42,True
【A18_3】 외로움 척도▶나는 혼자 남겨진 것 같다고 느껴진다,Top2(③+④),69.753,38.333,486,5027,180.7198,0.0,0.6416,31.42,True
【A13_3】 물리적 고립▶친한 친구나 친한 사람과의 대면 교류,한 달에한두 번,10.288,35.866,486,5027,129.9327,0.0,0.6312,-25.578,True
【A10】 지난 2주간 교류 상대,10~19명,3.252,22.648,486,5027,100.3506,0.0,0.6293,-19.396,True
【B10】 주관적 건강상태,좋은 편이다,12.346,38.81,486,5027,133.9493,0.0,0.627,-26.464,True
【A6】 본인의 주관적 경제 수준,적정함,11.607,37.573,486,5027,131.7506,0.0,0.6243,-25.966,True
【C8_4_1 TO C8_4_8】 서울시 고립·은둔청년 지원 사업 도움이 되지 않은 이유,기타(기입:  [TEXT_1] ),10.0,0.0,486,5027,511.3827,0.0,0.6235,10.0,True
【A18_3】 외로움 척도▶나는 혼자 남겨진 것 같다고 느껴진다,항상그렇다,29.218,6.704,486,5027,283.1402,0.0,0.6183,22.514,True
【A7】 외출 빈도,"보통은 집에 있지만, 인근 편의점 등에 외출한다",24.28,4.217,486,5027,316.9661,0.0,0.6168,20.063,True
【B12_3】 우울 척도▶잠들기가 어렵거나 자주 깼다/혹은 너무 많이 잤다.,거의 매일,27.366,5.789,486,5027,290.6281,0.0,0.6151,21.577,True
【C8_1】 서울시 고립·은둔청년 지원 사업 인지 경로,서울청년포털 홈페이지를 통해,46.377,18.299,486,5027,211.0619,0.0,0.6142,28.078,True
【B1_1】 평소 생활 패턴▶나는 우리 가족과 친밀한 편이다,Top2(④+⑤),32.716,62.841,486,5027,167.8283,0.0,0.6127,-30.125,True
【A2_1_7】 미취업 이유▶인간관계에 대한 부담감 때문에,아니오 (해당하지 않음),52.055,80.371,486,5027,206.0836,0.0,0.6117,-28.316,True
【A2_1_7】 미취업 이유▶인간관계에 대한 부담감 때문에,예 (해당함),47.945,19.629,486,5027,206.0836,0.0,0.6117,28.316,True
【B11_1】 약물 복용 기간,6~12개월 미만,6.383,28.272,486,5027,109.4399,0.0,0.6104,-21.889,True
【B12_9】 우울 척도▶차라리 죽는 것이 더 낫겠다고 생각했다/혹은 자해할 생각을 했다.,없음,43.416,72.111,486,5027,172.3983,0.0,0.5901,-28.695,True
【B1_2】 평소 생활 패턴▶나는 평소 가족과 대화를 자주 하는 편이다,Top2(④+⑤),27.366,55.5,486,5027,140.8215,0.0,0.58,-28.134,True
【A13_1】 물리적 고립▶가족들과의 대면 교류,전혀없다,14.403,1.015,486,5027,370.0661,0.0,0.5767,13.388,True
【B1_2】 평소 생활 패턴▶나는 평소 가족과 대화를 자주 하는 편이다,전혀그렇지않다,17.695,2.148,486,5027,315.4996,0.0,0.5742,15.547,True
"【A13_4】 물리적 고립▶이외 직장, 학교, 동네에서 알고 지내는 사람들과 대면 교류(업무 상 교류 제외)",한 달에한두 번,4.733,23.473,486,5027,91.2354,0.0,0.5729,-18.74,True
【C7x2】 심리 상담▶제공 기간,6개월 이상,59.777,31.645,486,5027,157.0473,0.0,0.5727,28.132,True
【B1_1】 평소 생활 패턴▶나는 우리 가족과 친밀한 편이다,전혀그렇지않다,16.255,1.671,486,5027,328.5149,0.0,0.5707,14.584,True
【A5】 가정의 주관적 사회경제적 수준,하,22.098,4.152,486,5027,261.5793,0.0,0.5684,17.946,True
【A12_4_1 TO A12_4_4】 정서적 고립▶낙심하거나 우울할 때 속마음을 털어놓을 수 있는 사람,가족/친척,29.63,57.052,486,5027,134.4534,0.0,0.5611,-27.422,True
【C7x7】 가족에 대한 교육과 상담▶제공 기간,6개월 이상,59.615,32.095,486,5027,149.1775,0.0,0.5597,27.52,True
【B10】 주관적 건강상태,나쁜 편이다,32.51,10.324,486,5027,202.4966,0.0,0.5592,22.186,True
【A18_1】 외로움 척도▶나는 나와 같이 있어 줄 사람이 부족하다,Bottom2(①+②),30.041,57.012,486,5027,130.0643,0.0,0.5513,-26.971,True
【A18_1】 외로움 척도▶나는 나와 같이 있어 줄 사람이 부족하다,Top2(③+④),69.959,42.988,486,5027,130.0643,0.0,0.5513,26.971,True
【A3】 일 또는 학업활동을 전혀 하지 않고 생활해온 기간,10년 이상,21.495,4.211,486,5027,242.1242,0.0,0.5508,17.284,True
【C7x9】 기타▶제공 기간,2~3개월 정도,0.0,7.895,486,5027,41.3595,0.0,0.5496,-7.895,True
【A3】 일 또는 학업활동을 전혀 하지 않고 생활해온 기간,3개월 미만,9.346,30.526,486,5027,98.1129,0.0,0.5494,-21.18,True
"【A12_3_1 TO A12_3_4】 정서적 고립▶개인적으로 돈을 빌려야 할 때, 부탁할 수 있는 사람",가족/친척,50.0,76.049,486,5027,155.3426,0.0,0.548,-26.049,True
【B6_1 TO B6_6】 PC/모바일 기기 활동,SNS나 채팅 등으로 누군가와 대화,25.203,51.033,486,5027,119.1836,0.0,0.5396,-25.83,True
"【A12_2_1 TO A12_2_4】 정서적 고립▶급한 일이 있을 때, 부탁할 수 있는 사람",가족/친척,52.263,77.482,486,5027,151.3576,0.0,0.5367,-25.219,True
"【A2_1_8】 미취업 이유▶심리적 또는 정신적인 어려움(우울, 불안, 공황, 대인기피, 조현병 등) 때문에",아니오 (해당하지 않음),59.589,83.289,486,5027,162.0041,0.0,0.5356,-23.7,True
"【A2_1_8】 미취업 이유▶심리적 또는 정신적인 어려움(우울, 불안, 공황, 대인기피, 조현병 등) 때문에",예 (해당함),40.411,16.711,486,5027,162.0041,0.0,0.5356,23.7,True
【B9_1】 자기관리 및 청결 ▶옷을 갈아입는다,매일,44.856,70.877,486,5027,139.2632,0.0,0.5338,-26.021,True
【B12_9】 우울 척도▶차라리 죽는 것이 더 낫겠다고 생각했다/혹은 자해할 생각을 했다.,거의 매일,18.313,3.103,486,5027,241.4082,0.0,0.5303,15.21,True
【B1_5】 평소 생활 패턴▶나는 잠을 설치는 것 없이 잘 자는 편이다,Bottom2(①+②),46.296,21.703,486,5027,147.4955,0.0,0.5274,24.593,True
【A12_1_1 TO A12_1_4】 정서적 고립▶중요하거나 어려운 일이 있을 때 조언을 구할 수 있는 사람,가족/친척,52.469,77.163,486,5027,144.0747,0.0,0.5249,-24.694,True
【A19_6】 성인기 전 경험▶학교나 동네에서 다른 사람들에게 괴롭힘이나 따돌림을 당했던 경험,있다,57.202,31.689,486,5027,128.6573,0.0,0.5195,25.513,True
【A19_6】 성인기 전 경험▶학교나 동네에서 다른 사람들에게 괴롭힘이나 따돌림을 당했던 경험,없다,42.798,68.311,486,5027,128.6573,0.0,0.5195,-25.513,True
【A16_1 TO A16_11】 고립/은둔 계기,다른 사람과 대화하거나 함께 활동하는 등 인간관계를 맺는 것이 어려워서,40.329,17.251,486,5027,151.705,0.0,0.5195,23.078,True
【A12_1_1 TO A12_1_4】 정서적 고립▶중요하거나 어려운 일이 있을 때 조언을 구할 수 있는 사람,"그 외 타인 (이웃, 직장동료 등)",8.436,27.432,486,5027,83.6203,0.0,0.5131,-18.996,True
【B12_6】 우울 척도▶피곤하고 기운이 없었다.,없음,13.169,34.235,486,5027,89.8256,0.0,0.5073,-21.066,True
"【A12_2_1 TO A12_2_4】 정서적 고립▶급한 일이 있을 때, 부탁할 수 있는 사람","그 외 타인 (이웃, 직장동료 등)",3.498,18.222,486,5027,68.331,0.0,0.5058,-14.724,True
【A5】 가정의 주관적 사회경제적 수준,중,27.009,51.394,486,5027,105.9721,0.0,0.5057,-24.385,True
【B12_3】 우울 척도▶잠들기가 어렵거나 자주 깼다/혹은 너무 많이 잤다.,없음,25.103,49.155,486,5027,102.9055,0.0,0.5043,-24.052,True
【B12_4】 우울 척도▶평소보다 식욕이 줄었다/혹은 평소보다 많이 먹었다.,거의 매일,20.37,4.635,486,5027,193.8818,0.0,0.5025,15.735,True
【C5x3】 병원 진단 및 치료▶제공 장소,집에 찾아오는 상담자 지정 및 지원 연계,8.333,26.303,486,5027,77.7681,0.0,0.4914,-17.97,True
"【A13_4】 물리적 고립▶이외 직장, 학교, 동네에서 알고 지내는 사람들과 대면 교류(업무 상 교류 제외)",거의 매일 (일주일에서너 번이상),3.704,18.082,486,5027,65.5022,0.0,0.4911,-14.378,True
【B12_2】 우울 척도▶평소 하던 일에 대한 흥미가 없어지거나 즐거움을 느끼지 못했다.,없음,22.84,45.793,486,5027,94.8639,0.0,0.49,-22.953,True
【A13_2】 물리적 고립▶친인척들과의 대면 교류,한 달에한두 번,4.527,19.495,486,5027,66.7604,0.0,0.4858,-14.968,True
【C7x1】 경제적 지원▶제공 기간,6개월 이상,61.871,37.825,486,5027,107.4613,0.0,0.4857,24.046,True
【A2_1_1】 미취업 이유▶일할 욕구를 느끼지 못해서,아니오 (해당하지 않음),49.315,72.679,486,5027,116.0326,0.0,0.4845,-23.364,True
【A2_1_1】 미취업 이유▶일할 욕구를 느끼지 못해서,예 (해당함),50.685,27.321,486,5027,116.0326,0.0,0.4845,23.364,True
【B1_5】 평소 생활 패턴▶나는 잠을 설치는 것 없이 잘 자는 편이다,전혀그렇지않다,19.342,4.595,486,5027,173.7083,0.0,0.4787,14.747,True
【C3】 고립/은둔 벗어나기 위한 시도 실패 이유,별로 효과가 없었다,27.206,9.326,486,5027,145.0593,0.0,0.4768,17.88,True
【C8_4_1 TO C8_4_8】 서울시 고립·은둔청년 지원 사업 도움이 되지 않은 이유,나의 상황과 잘 맞지 않아서,30.0,11.364,486,5027,136.7113,0.0,0.4716,18.636,True
【B9_4】 자기관리 및 청결 ▶내 방의 어질러진 물건들을 정리 정돈한다,한 달에한 번,18.313,4.217,486,5027,170.5788,0.0,0.4708,14.096,True
【B10】 주관적 건강상태,매우 나쁘다,10.7,0.995,486,5027,229.8491,0.0,0.4667,9.705,True
【A6】 본인의 주관적 경제 수준,약간 여유있음,1.786,12.899,486,5027,51.4414,0.0,0.4666,-11.113,True
【B9_1】 자기관리 및 청결 ▶옷을 갈아입는다,2~3일에한 번,37.86,17.386,486,5027,119.7854,0.0,0.4653,20.474,True
【B12_8】 우울 척도▶신문을 읽거나 TV를 보는 것과 같은 일상적인 일에도 집중할 수가 없었다.,없음,43.004,65.924,486,5027,100.9236,0.0,0.4645,-22.92,True
【C1】 고립/은둔 벗어나고 싶다고 느낀 경험,아니다,44.293,67.134,486,5027,102.3019,0.0,0.4642,-22.841,True
【C1】 고립/은둔 벗어나고 싶다고 느낀 경험,그렇다,55.707,32.866,486,5027,102.3019,0.0,0.4642,22.841,True
【A9】 과거 은둔 생활 여부,없음,24.691,46.608,486,5027,86.125,0.0,0.4629,-21.917,True
【A9】 과거 은둔 생활 여부,있음,75.309,53.392,486,5027,86.125,0.0,0.4629,21.917,True
【C2】 고립/은둔 벗어나기 위한 시도 방법,관련 지원 기관의 도움을 받았다,9.843,0.778,486,5027,236.3126,0.0,0.4616,9.065,True
【B1_1】 평소 생활 패턴▶나는 우리 가족과 친밀한 편이다,그렇다,22.84,44.102,486,5027,82.1227,0.0,0.456,-21.262,True
【C7x3】 병원 진단 및 치료▶제공 기간,2~3개월 정도,11.667,29.697,486,5027,70.8162,0.0,0.4555,-18.03,True
【C8_4_1 TO C8_4_8】 서울시 고립·은둔청년 지원 사업 도움이 되지 않은 이유,지원기간이 충분하지 않아서,10.0,27.273,486,5027,68.482,0.0,0.4554,-17.273,True
【C7x3】 병원 진단 및 치료▶제공 기간,1개월 정도,4.167,17.455,486,5027,57.8059,0.0,0.4509,-13.288,True
【B12_8】 우울 척도▶신문을 읽거나 TV를 보는 것과 같은 일상적인 일에도 집중할 수가 없었다.,거의 매일,14.609,2.765,486,5027,169.6633,0.0,0.4503,11.844,True
【B1_5】 평소 생활 패턴▶나는 잠을 설치는 것 없이 잘 자는 편이다,Top2(④+⑤),24.074,44.957,486,5027,78.7989,0.0,0.4441,-20.883,True
【C6x5】 일자리나 공부 기회▶제공 방식,가족과 함께,1.961,12.524,486,5027,47.385,0.0,0.4425,-10.563,True
【A18_2】 외로움 척도▶나는 도움을 청할 사람이 아무도 없다,전혀그렇지않다,10.7,27.71,486,5027,66.3029,0.0,0.4422,-17.01,True
【A11】 지난 2주 동안 교류 횟수,4~5회,8.401,24.213,486,5027,62.6015,0.0,0.4408,-15.812,True
【A4_1 TO A4_8】 생활비 출처,본인이 모아두거나 벌고 있는 돈,73.884,90.331,486,5027,121.5463,0.0,0.4404,-16.447,True
【A10】 지난 2주간 교류 상대,20명 이상,1.626,11.595,486,5027,45.8524,0.0,0.4392,-9.969,True
【A18_1】 외로움 척도▶나는 나와 같이 있어 줄 사람이 부족하다,별로그렇지않다,19.136,38.771,486,5027,73.2618,0.0,0.4388,-19.635,True
"【A19_3】 성인기 전 경험▶가족 중 누군가가 정서적으로 힘들어했던 경험(불안, 우울 등)",있다,62.14,40.581,486,5027,84.2965,0.0,0.4348,21.559,True
"【A19_3】 성인기 전 경험▶가족 중 누군가가 정서적으로 힘들어했던 경험(불안, 우울 등)",없다,37.86,59.419,486,5027,84.2965,0.0,0.4348,-21.559,True
【B9_2】 자기관리 및 청결 ▶목욕/샤워를 한다,매일,48.148,69.326,486,5027,90.5386,0.0,0.4339,-21.178,True
【B12_1 TO B12_9】 우울 척도 총점,.00,7.613,22.638,486,5027,59.6501,0.0,0.4326,-15.025,True
【A7】 외출 빈도,"보통은 집에 있지만, 자신의 취미생활만을 위해 외출한다",17.284,4.456,486,5027,138.2549,0.0,0.4321,12.828,True
【A18_4】 외로움 척도▶나는 사람들 사이에서 고립되어 있다고 느껴진다,별로그렇지않다,16.872,35.588,486,5027,69.2337,0.0,0.4318,-18.716,True
【C6x3】 병원 진단 및 치료▶제공 방식,1:1로 혼자서,79.167,59.515,486,5027,72.4622,0.0,0.4314,19.652,True
【A15】 과거 고립 생활 여부,없음,37.243,58.464,486,5027,81.2433,0.0,0.4281,-21.221,True
【A15】 과거 고립 생활 여부,있음,62.757,41.536,486,5027,81.2433,0.0,0.4281,21.221,True
【C6x6】 비슷한 상황에 있는 사람들과의 만남▶제공 방식,가족과 함께,3.261,14.85,486,5027,49.7279,0.0,0.428,-11.589,True
【B1_2】 평소 생활 패턴▶나는 평소 가족과 대화를 자주 하는 편이다,그렇다,19.753,38.89,486,5027,69.4679,0.0,0.4256,-19.137,True
【C7x6】 비슷한 상황에 있는 사람들과의 만남▶제공 기간,6개월 이상,46.739,26.692,486,5027,87.1672,0.0,0.4197,20.047,True
【C4_1 TO C4_9】 고립/은둔 회복 위해 필요한 지원,경제적 지원,57.202,36.511,486,5027,80.3237,0.0,0.4177,20.691,True
【B1_4】 평소 생활 패턴▶나는 거의 비슷한 시간에 잠들고 일어나는 편이다,Bottom2(①+②),27.572,11.379,486,5027,104.0719,0.0,0.4175,16.193,True
【A18_2】 외로움 척도▶나는 도움을 청할 사람이 아무도 없다,별로그렇지않다,21.399,40.382,486,5027,67.3084,0.0,0.4154,-18.983,True
【C8_2】 서울시 고립·은둔청년 지원 사업에 대해 참여 경험,참여한 적이 없다,39.855,60.438,486,5027,76.8989,0.0,0.4146,-20.583,True
【B9_2】 자기관리 및 청결 ▶목욕/샤워를 한다,2~3일에한 번,37.654,19.196,486,5027,91.5747,0.0,0.4143,18.458,True
【A14】 고립 기간,3개월 이상 ~ 6개월 미만,2.887,13.609,486,5027,46.1048,0.0,0.4142,-10.722,True
【A16_1 TO A16_11】 고립/은둔 계기,학교/사회생활이 어렵거나 무의미해서,30.658,13.743,486,5027,98.1481,0.0,0.414,16.915,True
【C8_1】 서울시 고립·은둔청년 지원 사업 인지 경로,신문 기사를 통해,4.348,16.366,486,5027,49.6346,0.0,0.4129,-12.018,True
【A19_1】 성인기 전 경험▶집안 형편이 갑자기 어려워진 경험,있다,57.819,37.378,486,5027,77.7035,0.0,0.4122,20.441,True
【A19_1】 성인기 전 경험▶집안 형편이 갑자기 어려워진 경험,없다,42.181,62.622,486,5027,77.7035,0.0,0.4122,-20.441,True
【A16_1 TO A16_11】 고립/은둔 계기,"친구나 주변 사람들로부터 따돌림, 괴롭힘, 폭력 등을 경험해서",20.988,7.164,486,5027,110.3386,0.0,0.4099,13.824,True
【A20_2】 성인기 후 경험▶가까운 사람이 취업 문제로 나를 압박하거나 진로를 강요했던 경험,있다,45.267,25.86,486,5027,83.5821,0.0,0.409,19.407,True
【A20_2】 성인기 후 경험▶가까운 사람이 취업 문제로 나를 압박하거나 진로를 강요했던 경험,없다,54.733,74.14,486,5027,83.5821,0.0,0.409,-19.407,True
【A10】 지난 2주간 교류 상대,1명,21.951,7.803,486,5027,108.8329,0.0,0.409,14.148,True
"【A12_3_1 TO A12_3_4】 정서적 고립▶개인적으로 돈을 빌려야 할 때, 부탁할 수 있는 사람","그 외 타인 (이웃, 직장동료 등)",2.263,11.995,486,5027,42.408,0.0,0.4053,-9.732,True
【B12_5】 우울 척도▶다른 사람들이 눈치챌 정도로 평소보다 말과 행동이 느려졌다/혹은 너무 안절부절못해서 가만히 앉아있을 수 없었다.,없음,51.852,71.315,486,5027,79.3394,0.0,0.4034,-19.463,True
【B12_5】 우울 척도▶다른 사람들이 눈치챌 정도로 평소보다 말과 행동이 느려졌다/혹은 너무 안절부절못해서 가만히 앉아있을 수 없었다.,거의 매일,12.551,2.586,486,5027,131.5876,0.0,0.4013,9.965,True
【B12_4】 우울 척도▶평소보다 식욕이 줄었다/혹은 평소보다 많이 먹었다.,없음,35.391,55.202,486,5027,69.9049,0.0,0.4007,-19.811,True
【A18_3】 외로움 척도▶나는 혼자 남겨진 것 같다고 느껴진다,별로그렇지않다,17.901,35.329,486,5027,60.162,0.0,0.3993,-17.428,True
【A19_2】 성인기 전 경험▶부모님(혹은 그 외의 나를 키워준 사람)이 나를 심하게 때리거나 꾸짖고 모욕했던 경험,없다,48.765,68.212,486,5027,75.2219,0.0,0.3975,-19.447,True
【A19_2】 성인기 전 경험▶부모님(혹은 그 외의 나를 키워준 사람)이 나를 심하게 때리거나 꾸짖고 모욕했던 경험,있다,51.235,31.788,486,5027,75.2219,0.0,0.3975,19.447,True
【C7x7】 가족에 대한 교육과 상담▶제공 기간,4~6개월 정도,3.846,14.854,486,5027,44.4157,0.0,0.3965,-11.008,True
"【A2_1_5】 미취업 이유▶학교, 학원, 훈련기관 등을 다니지는 않고, 혼자 취업 또는 학업을 준비하고 있어서",예 (해당함),17.123,34.218,486,5027,59.1338,0.0,0.3964,-17.095,True
"【A2_1_5】 미취업 이유▶학교, 학원, 훈련기관 등을 다니지는 않고, 혼자 취업 또는 학업을 준비하고 있어서",아니오 (해당하지 않음),82.877,65.782,486,5027,59.1338,0.0,0.3964,17.095,True
【A11】 지난 2주 동안 교류 횟수,1회,22.493,8.506,486,5027,97.5843,0.0,0.3964,13.987,True
【A4_1 TO A4_8】 생활비 출처,부모님의 지원,17.188,5.216,486,5027,109.7953,0.0,0.3941,11.972,True
【C7x5】 일자리나 공부 기회▶제공 기간,6개월 이상,58.824,39.293,486,5027,70.0834,0.0,0.3932,19.531,True
【B12_1 TO B12_9】 우울 척도 총점,27.00,6.584,0.398,486,5027,181.5303,0.0,0.3927,6.186,True
【A5】 가정의 주관적 사회경제적 수준,중하,42.634,24.333,486,5027,76.9499,0.0,0.3912,18.301,True
【A18_4】 외로움 척도▶나는 사람들 사이에서 고립되어 있다고 느껴진다,전혀그렇지않다,12.346,27.631,486,5027,53.4378,0.0,0.3889,-15.285,True
【A20_5】 성인기 후 경험▶내가 원했던 때에 취업을 못했던 경험,있다,64.609,45.713,486,5027,63.4669,0.0,0.3824,18.896,True
【A20_5】 성인기 후 경험▶내가 원했던 때에 취업을 못했던 경험,없다,35.391,54.287,486,5027,63.4669,0.0,0.3824,-18.896,True
【A14】 고립 기간,3년 이상 ~ 5년 미만,16.798,5.325,486,5027,99.281,0.0,0.3789,11.473,True
【A8】 은둔 기간,3개월 미만,7.037,19.466,486,5027,46.0116,0.0,0.3769,-12.429,True
【A11】 지난 2주 동안 교류 횟수,6~10회,9.485,23.109,486,5027,48.2579,0.0,0.3768,-13.624,True
【C6x6】 비슷한 상황에 있는 사람들과의 만남▶제공 방식,비슷한 문제를 겪는 사람들과 함께,75.0,57.331,486,5027,56.4825,0.0,0.3764,17.669,True
【C7x2】 심리 상담▶제공 기간,2~3개월 정도,15.642,31.333,486,5027,52.0215,0.0,0.375,-15.691,True
【A20_7】 성인기 후 경험▶믿었던 사람이 내게 사기를 치거나 배신했던 경험,없다,50.206,68.411,486,5027,66.2298,0.0,0.373,-18.205,True
【A20_7】 성인기 후 경험▶믿었던 사람이 내게 사기를 치거나 배신했던 경험,있다,49.794,31.589,486,5027,66.2298,0.0,0.373,18.205,True
【A7】 외출 빈도,자기 방에서 거의 나오지 않는다,6.996,0.676,486,5027,145.277,0.0,0.3707,6.32,True
【B1_4】 평소 생활 패턴▶나는 거의 비슷한 시간에 잠들고 일어나는 편이다,Top2(④+⑤),42.181,60.553,486,5027,61.8041,0.0,0.3697,-18.372,True
【C5x5】 일자리나 공부 기회▶제공 장소,집에 찾아오는 상담자 지정 및 지원 연계,6.373,17.973,486,5027,42.3724,0.0,0.3652,-11.6,True
【A18_3】 외로움 척도▶나는 혼자 남겨진 것 같다고 느껴진다,전혀그렇지않다,12.346,26.338,486,5027,46.1443,0.0,0.3598,-13.992,True
"【C7x4】 취미, 운동 등의 활동▶제공 기간",6개월 이상,50.691,33.042,486,5027,60.5038,0.0,0.3598,17.649,True
【A13_2】 물리적 고립▶친인척들과의 대면 교류,3개월에한두 번,8.23,20.569,486,5027,43.0097,0.0,0.3595,-12.339,True
【B1_5】 평소 생활 패턴▶나는 잠을 설치는 것 없이 잘 자는 편이다,그렇다,17.901,33.36,486,5027,48.6699,0.0,0.3578,-15.459,True
【B1_1】 평소 생활 패턴▶나는 우리 가족과 친밀한 편이다,그렇지않다,17.695,6.465,486,5027,81.0103,0.0,0.3542,11.23,True
【A5】 가정의 주관적 사회경제적 수준,중상,6.473,17.673,486,5027,40.6357,0.0,0.3533,-11.2,True
【C7x8】 가까운 사람들의 이해와 지지▶제공 기간,6개월 이상,52.101,34.711,486,5027,57.6984,0.0,0.3528,17.39,True
【C7x9】 기타▶제공 기간,6개월 이상,42.857,26.316,486,5027,60.0062,0.0,0.3501,16.541,True
【B1_2】 평소 생활 패턴▶나는 평소 가족과 대화를 자주 하는 편이다,그렇지않다,22.84,10.225,486,5027,70.158,0.0,0.3456,12.615,True
"【C6x4】 취미, 운동 등의 활동▶제공 방식",가족과 함께,6.452,17.219,486,5027,38.2828,0.0,0.3421,-10.767,True
【C5x6】 비슷한 상황에 있는 사람들과의 만남▶제공 장소,"집에서 1시간 거리 이내, 교통 좋은 곳에서 상담 등 지원 제공",68.478,51.88,486,5027,49.2952,0.0,0.3409,16.598,True
【B1_4】 평소 생활 패턴▶나는 거의 비슷한 시간에 잠들고 일어나는 편이다,전혀그렇지않다,8.642,1.631,486,5027,99.0687,0.0,0.3406,7.011,True
"【C7x4】 취미, 운동 등의 활동▶제공 기간",2~3개월 정도,18.894,33.682,486,5027,44.0242,0.0,0.339,-14.788,True
【C5x9】 기타▶제공 장소,온라인 채팅 상담 및 지원 연계,28.571,44.737,486,5027,47.0031,0.0,0.3375,-16.166,True
【A14】 고립 기간,10년 이상,21.26,9.467,486,5027,64.8108,0.0,0.3329,11.793,True
【C8_3】 서울시 고립·은둔청년 지원 사업 도움 여부,많은도움이 되었다,28.571,14.984,486,5027,60.6311,0.0,0.3329,13.587,True
【B11】 약물 복용 여부,아니오,81.481,92.381,486,5027,67.1224,0.0,0.3304,-10.9,True
【B11】 약물 복용 여부,예,18.519,7.619,486,5027,67.1224,0.0,0.3304,10.9,True
【A16_1 TO A16_11】 고립/은둔 계기,"가정 문제(가정폭력, 학대, 가족 간 불화, 부모의 이혼 등)로 인해",16.255,6.14,486,5027,69.2097,0.0,0.3292,10.115,True
【A7】 외출 빈도,"자기 방에서 나오지만, 집 밖으로는 나가지 않는다",6.996,1.074,486,5027,98.9331,0.0,0.3277,5.922,True
【B12_1 TO B12_9】 우울 척도 총점,1.00,2.469,9.986,486,5027,29.6189,0.0,0.3275,-7.517,True
【A14】 고립 기간,1년 이상 ~ 3년 미만,22.572,10.651,486,5027,61.6807,0.0,0.3253,11.921,True
"【A13_4】 물리적 고립▶이외 직장, 학교, 동네에서 알고 지내는 사람들과 대면 교류(업무 상 교류 제외)",3개월에한두 번,6.379,16.471,486,5027,34.3168,0.0,0.3251,-10.092,True
【C5x2】 심리 상담▶제공 장소,집에 찾아오는 상담자 지정 및 지원 연계,11.173,23.149,486,5027,37.3468,0.0,0.3223,-11.976,True
【A14】 고립 기간,7년 이상 ~ 10년 미만,8.399,1.775,486,5027,85.5198,0.0,0.3208,6.624,True
【C7x5】 일자리나 공부 기회▶제공 기간,2~3개월 정도,15.686,28.872,486,5027,38.7108,0.0,0.3201,-13.186,True
"【A20_8】 성인기 후 경험▶가까웠던 사람과 헤어져야 했던 경험(절교, 죽음 등)",있다,57.407,41.496,486,5027,45.8025,0.0,0.3196,15.911,True
"【A20_8】 성인기 후 경험▶가까웠던 사람과 헤어져야 했던 경험(절교, 죽음 등)",없다,42.593,58.504,486,5027,45.8025,0.0,0.3196,-15.911,True
【A12_4_1 TO A12_4_4】 정서적 고립▶낙심하거나 우울할 때 속마음을 털어놓을 수 있는 사람,"그 외 타인 (이웃, 직장동료 등)",6.996,16.948,486,5027,32.5441,0.0,0.3132,-9.952,True
【C7x7】 가족에 대한 교육과 상담▶제공 기간,2~3개월 정도,17.308,30.504,486,5027,37.3164,0.0,0.3121,-13.196,True
【B1_4】 평소 생활 패턴▶나는 거의 비슷한 시간에 잠들고 일어나는 편이다,그렇다,31.687,46.767,486,5027,40.6502,0.0,0.3103,-15.08,True
【A13_3】 물리적 고립▶친한 친구나 친한 사람과의 대면 교류,거의 매일 (일주일에서너 번이상),1.852,8.255,486,5027,25.5964,0.0,0.3098,-6.403,True
【C8_1】 서울시 고립·은둔청년 지원 사업 인지 경로,행정복지센터 등의 공공 기관 방문을 통해,1.449,7.345,486,5027,24.2742,1e-06,0.3076,-5.896,True
【A2_1_6】 미취업 이유▶계속 취업에 실패해서,아니오 (해당하지 않음),69.178,82.228,486,5027,49.5784,0.0,0.3068,-13.05,True
【A2_1_6】 미취업 이유▶계속 취업에 실패해서,예 (해당함),30.822,17.772,486,5027,49.5784,0.0,0.3068,13.05,True
【C7x8】 가까운 사람들의 이해와 지지▶제공 기간,4~6개월 정도,4.202,12.397,486,5027,29.4733,0.0,0.3067,-8.195,True
"【A13_4】 물리적 고립▶이외 직장, 학교, 동네에서 알고 지내는 사람들과 대면 교류(업무 상 교류 제외)",1년에한두 번,19.136,8.793,486,5027,54.1055,0.0,0.3034,10.343,True
【C6x3】 병원 진단 및 치료▶제공 방식,비슷한 문제를 겪는 사람들과 함께,7.5,17.212,486,5027,31.1274,0.0,0.3008,-9.712,True
【C7x6】 비슷한 상황에 있는 사람들과의 만남▶제공 기간,2~3개월 정도,22.826,36.466,486,5027,36.0308,0.0,0.3005,-13.64,True
【C8_6_1 TO C8_6_8】 서울시 고립·은둔청년 지원 사업 불참 이유,지원사업 자체가 별로 효과가 없다고 생각해서,30.357,17.633,486,5027,47.8563,0.0,0.3003,12.724,True
【B1_3】 평소 생활 패턴▶나는 평소 밤낮이 바뀐 생활을 하는 편이다,매우그렇다,15.226,6.246,486,5027,54.6219,0.0,0.2965,8.98,True
【B7】 평소 식사 횟수,하루에 1끼,12.963,4.794,486,5027,56.758,0.0,0.2951,8.169,True
【B8】 평소 식사 방식,가족과 같이 식사한다,21.399,34.553,486,5027,34.4753,0.0,0.2949,-13.154,True
【A3】 일 또는 학업활동을 전혀 하지 않고 생활해온 기간,3개월 이상 ~ 6개월 미만,7.477,16.842,486,5027,29.3686,0.0,0.2918,-9.365,True
【A17】 온라인 대화 여부,그렇다,43.004,57.47,486,5027,37.6708,0.0,0.2903,-14.466,True
【A17】 온라인 대화 여부,그렇지 않다,56.996,42.53,486,5027,37.6708,0.0,0.2903,14.466,True
【A16_1 TO A16_11】 고립/은둔 계기,실직하거나 취업에 어려움을 겪어서,45.473,31.579,486,5027,38.8695,0.0,0.2866,13.894,True
【C5x3】 병원 진단 및 치료▶제공 장소,"집에서 1시간 거리 이내, 교통 좋은 곳에서 상담 등 지원 제공",65.833,51.879,486,5027,34.6982,0.0,0.2846,13.954,True
【B3】 가장 활발한 활동 시간대,없음,6.233,1.224,486,5027,65.8919,0.0,0.2829,5.009,True
【A13_1】 물리적 고립▶가족들과의 대면 교류,1년에한두 번,10.905,3.76,486,5027,53.9149,0.0,0.2828,7.145,True
【B3】 가장 활발한 활동 시간대,새벽,16.531,7.503,486,5027,46.8125,0.0,0.2825,9.028,True
【B1_3】 평소 생활 패턴▶나는 평소 밤낮이 바뀐 생활을 하는 편이다,Top2(④+⑤),38.683,25.562,486,5027,38.9667,0.0,0.2823,13.121,True
【B1_2】 평소 생활 패턴▶나는 평소 가족과 대화를 자주 하는 편이다,매우그렇다,7.613,16.61,486,5027,26.941,0.0,0.2805,-8.997,True
【C2】 고립/은둔 벗어나기 위한 시도 방법,일이나 공부를 시작했다,22.047,34.607,486,5027,31.5633,0.0,0.2803,-12.56,True
【C8_4_1 TO C8_4_8】 서울시 고립·은둔청년 지원 사업 도움이 되지 않은 이유,해당 지원기관 또는 담당자의 지원이 적절하지 못해서,30.0,18.182,486,5027,40.1324,0.0,0.2783,11.818,True
【A13_2】 물리적 고립▶친인척들과의 대면 교류,일주일에한두 번,2.881,9.29,486,5027,22.8587,2e-06,0.2783,-6.409,True
【C7x1】 경제적 지원▶제공 기간,1개월 정도,7.194,15.85,486,5027,25.8928,0.0,0.2759,-8.656,True
【B5_1】 [1순위]가장 많이 하는 활동,TV 시청,10.082,19.773,486,5027,27.1313,0.0,0.2754,-9.691,True
【C7x1】 경제적 지원▶제공 기간,2~3개월 정도,12.95,23.43,486,5027,27.8525,0.0,0.2743,-10.48,True
【C4_1 TO C4_9】 고립/은둔 회복 위해 필요한 지원,일자리나 공부 기회,41.975,29.242,486,5027,33.981,0.0,0.2669,12.733,True
【C5x1】 경제적 지원▶제공 장소,집에 찾아오는 상담자 지정 및 지원 연계,9.353,18.453,486,5027,25.8131,0.0,0.2664,-9.1,True
【C6x5】 일자리나 공부 기회▶제공 방식,1:1로 혼자서,65.686,52.677,486,5027,29.9586,0.0,0.2655,13.009,True
【B1_4】 평소 생활 패턴▶나는 거의 비슷한 시간에 잠들고 일어나는 편이다,그렇지않다,18.93,9.747,486,5027,39.5743,0.0,0.2652,9.183,True
【A8】 은둔 기간,3개월 이상 ~ 6개월 미만,7.778,16.221,486,5027,23.8719,1e-06,0.2638,-8.443,True
【C8_2】 서울시 고립·은둔청년 지원 사업에 대해 참여 경험,참여한 적이 있다,17.391,28.351,486,5027,26.2668,0.0,0.2627,-10.96,True
【A13_1】 물리적 고립▶가족들과의 대면 교류,한 달에한두 번,12.14,21.882,486,5027,25.3309,0.0,0.2618,-9.742,True
【B1_3】 평소 생활 패턴▶나는 평소 밤낮이 바뀐 생활을 하는 편이다,Bottom2(①+②),34.774,47.603,486,5027,29.3217,0.0,0.2615,-12.829,True
【C6x3】 병원 진단 및 치료▶제공 방식,가족과 함께,13.333,23.273,486,5027,24.9851,1e-06,0.2593,-9.94,True
【C5x7】 가족에 대한 교육과 상담▶제공 장소,집에 찾아오는 상담자 지정 및 지원 연계,25.0,36.87,486,5027,26.649,0.0,0.2579,-11.87,True
【A14】 고립 기간,6개월 이상 ~ 1년 미만,13.386,5.917,486,5027,40.2675,0.0,0.2577,7.469,True
【C6x1】 경제적 지원▶제공 방식,1:1로 혼자서,80.216,69.066,486,5027,26.4027,0.0,0.2577,11.15,True
【B1_1】 평소 생활 패턴▶나는 우리 가족과 친밀한 편이다,매우그렇다,9.877,18.739,486,5027,23.6244,1e-06,0.256,-8.862,True
【B12_1 TO B12_9】 우울 척도 총점,2.00,2.881,8.554,486,5027,19.2609,1.1e-05,0.2525,-5.673,True
【A10】 지난 2주간 교류 상대,6~9명,5.42,12.417,486,5027,21.2577,4e-06,0.2503,-6.997,True
【C7x9】 기타▶제공 기간,1회로 끝나는 단기적 지원,42.857,55.263,486,5027,27.7268,0.0,0.2488,-12.406,True
【C5x6】 비슷한 상황에 있는 사람들과의 만남▶제공 장소,집에 찾아오는 상담자 지정 및 지원 연계,10.87,19.737,486,5027,22.4821,2e-06,0.2487,-8.867,True
【B7】 평소 식사 횟수,하루에 3끼,23.663,34.911,486,5027,25.0181,1e-06,0.2482,-11.248,True
【C2】 고립/은둔 벗어나기 위한 시도 방법,병원에서 진단 및 치료를 받았다,15.354,7.573,486,5027,36.0205,0.0,0.2477,7.781,True
【A8】 은둔 기간,7년 이상 ~ 10년 미만,7.407,2.29,486,5027,43.6042,0.0,0.2474,5.117,True
【A16_1 TO A16_11】 고립/은둔 계기,"부모님, 형제자매, 친척 등 가족과 갈등이 있어서",19.342,10.673,486,5027,32.7843,0.0,0.2451,8.669,True
"【C5x4】 취미, 운동 등의 활동▶제공 장소","집에서 1시간 거리 이내, 교통 좋은 곳에서 상담 등 지원 제공",70.968,59.395,486,5027,24.8858,1e-06,0.2437,11.573,True
【A16_1 TO A16_11】 고립/은둔 계기,기타(기입: [TEXT_1] ),2.675,7.895,486,5027,17.5579,2.8e-05,0.241,-5.22,True
【C8_6_1 TO C8_6_8】 서울시 고립·은둔청년 지원 사업 불참 이유,신청하는 과정 자체가 귀찮아서,33.482,22.76,486,5027,28.483,0.0,0.2395,10.722,True
【B1_5】 평소 생활 패턴▶나는 잠을 설치는 것 없이 잘 자는 편이다,그렇지않다,26.955,17.108,486,5027,29.1438,0.0,0.2389,9.847,True
【B12_9】 우울 척도▶차라리 죽는 것이 더 낫겠다고 생각했다/혹은 자해할 생각을 했다.,"2, 3일 이상",25.514,16.033,486,5027,28.4058,0.0,0.2351,9.481,True
【SQ8_1 TO SQ8_13】 비동거 가족,아버지,24.119,34.784,486,5027,22.7362,2e-06,0.2348,-10.665,True
【B12_1 TO B12_9】 우울 척도 총점,17.00,5.556,1.452,486,5027,41.8969,0.0,0.2343,4.104,True
【A4_1 TO A4_8】 생활비 출처,정부 또는 기관의 지원,10.268,4.313,486,5027,34.288,0.0,0.234,5.955,True
【C3】 고립/은둔 벗어나기 위한 시도 실패 이유,효과가 있었지만 오래가지 않았다,16.912,26.425,486,5027,21.2108,4e-06,0.2322,-9.513,True
【A3】 일 또는 학업활동을 전혀 하지 않고 생활해온 기간,3년 이상 ~ 5년 미만,13.084,6.316,486,5027,32.177,0.0,0.2321,6.768,True
【C6x2】 심리 상담▶제공 방식,1:1로 혼자서,79.888,69.992,486,5027,20.8328,5e-06,0.2294,9.896,True
【B3】 가장 활발한 활동 시간대,오전,10.569,18.556,486,5027,19.6629,9e-06,0.2284,-7.987,True
【C6x1】 경제적 지원▶제공 방식,가족과 함께,9.353,16.998,486,5027,19.3974,1.1e-05,0.2283,-7.645,True
【A14】 고립 기간,5년 이상 ~ 7년 미만,11.549,5.325,486,5027,30.7104,0.0,0.2278,6.224,True
【A11】 지난 2주 동안 교류 횟수,11회 이상,7.046,13.922,486,5027,18.4345,1.8e-05,0.2274,-6.876,True
【A20_6】 성인기 후 경험▶내가 원했던 직장에 들어가지 못했던 경험,있다,60.7,49.592,486,5027,21.8725,3e-06,0.2238,11.108,True
【A20_6】 성인기 후 경험▶내가 원했던 직장에 들어가지 못했던 경험,없다,39.3,50.408,486,5027,21.8725,3e-06,0.2238,-11.108,True
【B5_1 TO B5_3】 [1-3순위]가장 많이 하는 활동,TV 시청,45.267,56.356,486,5027,22.0492,3e-06,0.2223,-11.089,True
【C3】 고립/은둔 벗어나기 위한 시도 실패 이유,효과가 있었지만 다른 이유 때문에 다시 돌아왔다,8.824,16.062,486,5027,17.6436,2.7e-05,0.2215,-7.238,True
"【B12_1】 우울 척도▶기분이 가라앉거나, 우울하거나, 희망이 없다고 느꼈다.",7일 이상,17.078,9.628,486,5027,26.6581,0.0,0.2211,7.45,True
【C8_1】 서울시 고립·은둔청년 지원 사업 인지 경로,가족·지인 등 주변 사람이 알려줘서,6.522,2.191,486,5027,34.1303,0.0,0.2194,4.331,True
"【C6x4】 취미, 운동 등의 활동▶제공 방식",비슷한 문제를 겪는 사람들과 함께,52.074,41.245,486,5027,21.2725,4e-06,0.2175,10.829,True
【C8_3】 서울시 고립·은둔청년 지원 사업 도움 여부,조금도움이 되었다,30.952,41.368,486,5027,20.331,7e-06,0.2173,-10.416,True
【B1_3】 평소 생활 패턴▶나는 평소 밤낮이 바뀐 생활을 하는 편이다,그렇지않다,18.313,27.372,486,5027,18.6405,1.6e-05,0.2167,-9.059,True
【C7x9】 기타▶제공 기간,4~6개월 정도,7.143,2.632,486,5027,31.5883,0.0,0.2152,4.511,True
【B4】 주 외출 시간대,없음,3.205,0.531,486,5027,43.4657,0.0,0.2141,2.674,True
【A18_2】 외로움 척도▶나는 도움을 청할 사람이 아무도 없다,가끔그런편이다,37.86,27.85,486,5027,21.6873,3e-06,0.2137,10.01,True
【A2_1_3】 미취업 이유▶질병이나 장애 때문에,아니오 (해당하지 않음),78.082,86.207,486,5027,24.2014,1e-06,0.2134,-8.125,True
【A2_1_3】 미취업 이유▶질병이나 장애 때문에,예 (해당함),21.918,13.793,486,5027,24.2014,1e-06,0.2134,8.125,True
【B3】 가장 활발한 활동 시간대,오후,39.566,50.13,486,5027,20.0095,8e-06,0.2128,-10.564,True
【C5x9】 기타▶제공 장소,"집에서 1시간 거리 이내, 교통 좋은 곳에서 상담 등 지원 제공",50.0,39.474,486,5027,20.4202,6e-06,0.2121,10.526,True
【A16_1 TO A16_11】 고립/은둔 계기,신체적인 질병이나 지병 때문에,11.728,5.848,486,5027,25.7015,0.0,0.2106,5.88,True
【A18_1】 외로움 척도▶나는 나와 같이 있어 줄 사람이 부족하다,전혀그렇지않다,10.905,18.241,486,5027,16.4496,5e-05,0.2095,-7.336,True
【A8】 은둔 기간,10년 이상,11.481,5.725,486,5027,25.425,0.0,0.2081,5.756,True
【C7x6】 비슷한 상황에 있는 사람들과의 만남▶제공 기간,1회로 끝나는 단기적 지원,2.174,6.203,486,5027,12.4923,0.000409,0.2074,-4.029,True
【B11_1】 약물 복용 기간,1~2년 미만,12.766,20.419,486,5027,16.3835,5.2e-05,0.207,-7.653,True
【B9_4】 자기관리 및 청결 ▶내 방의 어질러진 물건들을 정리 정돈한다,매일,25.926,35.429,486,5027,17.6871,2.6e-05,0.2066,-9.503,True
"【C5x4】 취미, 운동 등의 활동▶제공 장소",집에 찾아오는 상담자 지정 및 지원 연계,9.217,15.998,486,5027,15.4263,8.6e-05,0.2061,-6.781,True
【B12_6】 우울 척도▶피곤하고 기운이 없었다.,"2, 3일 이상",29.63,39.387,486,5027,17.8156,2.4e-05,0.2057,-9.757,True
【A10】 지난 2주간 교류 상대,4~5명,14.363,22.247,486,5027,16.0986,6e-05,0.205,-7.884,True
【C7x2】 심리 상담▶제공 기간,1개월 정도,10.615,17.693,486,5027,15.2742,9.3e-05,0.2046,-7.078,True
【SQ8_1 TO SQ8_13】 비동거 가족,어머니,24.661,33.942,486,5027,17.1005,3.5e-05,0.2045,-9.281,True
【B12_1 TO B12_9】 우울 척도 총점,18.00,4.321,1.154,486,5027,31.4733,0.0,0.2035,3.167,True
【C5x7】 가족에 대한 교육과 상담▶제공 장소,온라인 채팅 상담 및 지원 연계,28.846,20.159,486,5027,20.072,7e-06,0.2027,8.687,True
【B6_1 TO B6_6】 PC/모바일 기기 활동,PC/모바일 기기를 잘 사용하지 않음,6.775,2.628,486,5027,26.4693,0.0,0.201,4.147,True
【B12_1 TO B12_9】 우울 척도 총점,24.00,2.263,0.259,486,5027,41.0921,0.0,0.2002,2.004,True
【C6x2】 심리 상담▶제공 방식,가족과 함께,8.939,15.433,486,5027,15.2101,9.6e-05,0.2002,-6.494,True
【A8】 은둔 기간,5년 이상 ~ 7년 미만,9.63,4.58,486,5027,24.1116,1e-06,0.1997,5.05,True
【C8_1】 서울시 고립·은둔청년 지원 사업 인지 경로,SNS를 통해,14.493,22.036,486,5027,15.3859,8.8e-05,0.1962,-7.543,True
【A17_1_1 TO A17_1_5】 온라인 대화 방식,메신저로 채팅을 한다,48.804,58.567,486,5027,17.4319,3e-05,0.1961,-9.763,True
【B9_4】 자기관리 및 청결 ▶내 방의 어질러진 물건들을 정리 정돈한다,2~3주에한 번,11.934,6.366,486,5027,21.517,4e-06,0.1953,5.568,True
【A17_1_1 TO A17_1_5】 온라인 대화 방식,SNS 활동을 한다,34.45,43.96,486,5027,16.6538,4.5e-05,0.1951,-9.51,True
【B12_4】 우울 척도▶평소보다 식욕이 줄었다/혹은 평소보다 많이 먹었다.,7일 이상,19.342,12.274,486,5027,19.7068,9e-06,0.1949,7.068,True
【B7】 평소 식사 횟수,기타(기입:  [TEXT_1] ),1.235,0.02,486,5027,51.5608,0.0,0.1944,1.215,True
【C5x8】 가까운 사람들의 이해와 지지▶제공 장소,온라인 채팅 상담 및 지원 연계,40.336,31.095,486,5027,17.4039,3e-05,0.1932,9.241,True
【B1_5】 평소 생활 패턴▶나는 잠을 설치는 것 없이 잘 자는 편이다,매우그렇다,6.173,11.597,486,5027,13.1948,0.000281,0.1928,-5.424,True
【A15_1】 최초 고립 시작 시기,35~39세,1.701,5.028,486,5027,11.2701,0.000788,0.1907,-3.327,True
【B9_4】 자기관리 및 청결 ▶내 방의 어질러진 물건들을 정리 정돈한다,2~3일에한 번,23.045,31.51,486,5027,14.9072,0.000113,0.1906,-8.465,True
【A2】 지난 4주간 취업 의향,"직장을 구해보았고, 지난주에 직장이 주어졌다면 일을 시작할 수 있었다.",10.194,16.593,486,5027,13.0737,0.000299,0.1892,-6.399,True
【B5_1 TO B5_3】 [1-3순위]가장 많이 하는 활동,"인터넷 사용(쇼핑, SNS, 채팅, 동영상 시청 등)",86.626,79.59,486,5027,13.8183,0.000201,0.1887,7.036,True
【A18_4】 외로움 척도▶나는 사람들 사이에서 고립되어 있다고 느껴진다,가끔그런편이다,39.918,30.993,486,5027,16.2824,5.5e-05,0.1869,8.925,True
【B8】 평소 식사 방식,혼자서 직접 차려 먹는다,47.325,38.134,486,5027,15.744,7.3e-05,0.1861,9.191,True
【B9_2】 자기관리 및 청결 ▶목욕/샤워를 한다,한 달에한 번,2.058,0.259,486,5027,34.5223,0.0,0.1861,1.799,True
【A18_3】 외로움 척도▶나는 혼자 남겨진 것 같다고 느껴진다,가끔그런편이다,40.535,31.629,486,5027,16.0439,6.2e-05,0.1858,8.906,True
【B12_8】 우울 척도▶신문을 읽거나 TV를 보는 것과 같은 일상적인 일에도 집중할 수가 없었다.,"2, 3일 이상",28.807,20.808,486,5027,16.793,4.2e-05,0.1857,7.999,True
【A7】 외출 빈도,직장이나 학교로 일주일에 3~4일 외출한다,5.35,10.265,486,5027,12.0753,0.000511,0.1855,-4.915,True
【B12_1 TO B12_9】 우울 척도 총점,26.00,1.235,0.04,486,5027,43.658,0.0,0.1827,1.195,True
【B5_1 TO B5_3】 [1-3순위]가장 많이 하는 활동,게임,39.918,31.192,486,5027,15.5176,8.2e-05,0.1826,8.726,True
【B7】 평소 식사 횟수,거의 먹지 않음,2.058,0.278,486,5027,32.3622,0.0,0.1824,1.78,True
【A16_1 TO A16_11】 고립/은둔 계기,학업 중단 혹은 진학 실패로 인해,19.547,12.865,486,5027,16.9613,3.8e-05,0.1822,6.682,True
【A20_3】 성인기 후 경험▶내가 원했던 때에 대학 입학을 못했던 경험,있다,37.654,29.083,486,5027,15.5518,8e-05,0.1821,8.571,True
【A20_3】 성인기 후 경험▶내가 원했던 때에 대학 입학을 못했던 경험,없다,62.346,70.917,486,5027,15.5518,8e-05,0.1821,-8.571,True
【C5x6】 비슷한 상황에 있는 사람들과의 만남▶제공 장소,온라인 채팅 상담 및 지원 연계,20.652,28.383,486,5027,13.4997,0.000239,0.1802,-7.731,True
【A10】 지난 2주간 교류 상대,2명,16.531,10.451,486,5027,16.4239,5.1e-05,0.179,6.08,True
【B11_1】 약물 복용 기간,6개월 미만,14.894,21.728,486,5027,12.6964,0.000366,0.1774,-6.834,True
【C2】 고립/은둔 벗어나기 위한 시도 방법,취미활동을 했다,31.102,39.561,486,5027,13.4701,0.000242,0.1773,-8.459,True
【C8_1】 서울시 고립·은둔청년 지원 사업 인지 경로,워크넷 홈페이지를 통해,4.348,8.634,486,5027,10.8838,0.00097,0.1764,-4.286,True
【B10】 주관적 건강상태,매우 좋다,3.498,7.42,486,5027,10.3695,0.001281,0.1755,-3.922,True
【A8】 은둔 기간,3년 이상 ~ 5년 미만,16.667,10.687,486,5027,15.9451,6.5e-05,0.175,5.98,True
【C7x8】 가까운 사람들의 이해와 지지▶제공 기간,2~3개월 정도,20.168,27.583,486,5027,12.4186,0.000425,0.1744,-7.415,True
【C8_6_1 TO C8_6_8】 서울시 고립·은둔청년 지원 사업 불참 이유,지원절차가 까다로울 것 같아서,30.357,22.712,486,5027,14.7939,0.00012,0.1736,7.645,True
【B4】 주 외출 시간대,밤,16.026,10.251,486,5027,15.5551,8e-05,0.1719,5.775,True
【C8_1】 서울시 고립·은둔청년 지원 사업 인지 경로,기타(기입:  [TEXT_1] ),2.174,0.387,486,5027,29.1077,0.0,0.1715,1.787,True
【B9_3】 자기관리 및 청결 ▶세수/양치를 한다,일주일에한 번,3.498,7.261,486,5027,9.7297,0.001813,0.1694,-3.763,True
【C8_5】 서울시 고립·은둔청년 지원 사업 참여 의향,참여할 의향이 있다,44.417,36.177,486,5027,12.9832,0.000314,0.1682,8.24,True
【C8_5】 서울시 고립·은둔청년 지원 사업 참여 의향,참여할 의향이 없다,55.583,63.823,486,5027,12.9832,0.000314,0.1682,-8.24,True
【C2】 고립/은둔 벗어나기 위한 시도 방법,기타 (기입:  [TEXT_1] ),7.874,3.963,486,5027,16.0518,6.2e-05,0.168,3.911,True
【C8_6_1 TO C8_6_8】 서울시 고립·은둔청년 지원 사업 불참 이유,나에게 도움이 될 만한 지원 내용이 없어서,34.375,42.453,486,5027,11.9231,0.000554,0.1663,-8.078,True
【B12_5】 우울 척도▶다른 사람들이 눈치챌 정도로 평소보다 말과 행동이 느려졌다/혹은 너무 안절부절못해서 가만히 앉아있을 수 없었다.,"2, 3일 이상",23.457,16.889,486,5027,13.2605,0.000271,0.1642,6.568,True
【C8_1】 서울시 고립·은둔청년 지원 사업 인지 경로,기타 관련 기관 홈페이지를 통해,4.348,8.247,486,5027,9.419,0.002148,0.1624,-3.899,True
【A20_4】 성인기 후 경험▶내가 원했던 학교에 들어가지 못했던 경험,있다,52.058,43.982,486,5027,11.6905,0.000628,0.1618,8.076,True
【A20_4】 성인기 후 경험▶내가 원했던 학교에 들어가지 못했던 경험,없다,47.942,56.018,486,5027,11.6905,0.000628,0.1618,-8.076,True
【A4_1 TO A4_8】 생활비 출처,기타(기입: [TEXT_1]),3.348,1.083,486,5027,17.3905,3e-05,0.1595,2.265,True
【C7x3】 병원 진단 및 치료▶제공 기간,1회로 끝나는 단기적 지원,2.5,5.576,486,5027,8.4945,0.003562,0.1592,-3.076,True
【A7】 외출 빈도,여가생활을 위해 자주 외출한다,5.35,9.449,486,5027,9.0132,0.00268,0.1581,-4.099,True
【C7x1】 경제적 지원▶제공 기간,1회로 끝나는 단기적 지원,4.317,8.04,486,5027,8.5992,0.003363,0.1564,-3.723,True
【B5_1】 [1순위]가장 많이 하는 활동,"인터넷 사용(쇼핑, SNS, 채팅, 동영상 시청 등)",59.053,51.303,486,5027,10.6651,0.001092,0.156,7.75,True
【B12_1 TO B12_9】 우울 척도 총점,16.00,4.527,1.85,486,5027,15.5459,8.1e-05,0.1559,2.677,True
【C8】 서울시 고립·은둔청년 지원 사업 인지 여부,모른다,71.605,78.306,486,5027,11.4572,0.000712,0.155,-6.701,True
【C8】 서울시 고립·은둔청년 지원 사업 인지 여부,알고 있다,28.395,21.694,486,5027,11.4572,0.000712,0.155,6.701,True
【C5x5】 일자리나 공부 기회▶제공 장소,"집에서 1시간 거리 이내, 교통 좋은 곳에서 상담 등 지원 제공",59.314,51.625,486,5027,10.3632,0.001286,0.1549,7.689,True
【B12_1 TO B12_9】 우울 척도 총점,20.00,2.675,0.756,486,5027,17.8054,2.4e-05,0.1545,1.919,True
【C7x5】 일자리나 공부 기회▶제공 기간,1개월 정도,9.314,14.245,486,5027,9.2512,0.002353,0.1538,-4.931,True
"【B12_7】 우울 척도▶내가 잘못했거나, 실패했다는 생각이 들었다/혹은 자신과 가족을 실망시켰다고 생각했다.",7일 이상,17.49,12.154,486,5027,11.436,0.00072,0.1507,5.336,True
【B12_1 TO B12_9】 우울 척도 총점,23.00,1.852,0.378,486,5027,19.0515,1.3e-05,0.15,1.474,True
【B12_1 TO B12_9】 우울 척도 총점,13.00,5.967,2.924,486,5027,13.2767,0.000269,0.1499,3.043,True
【B5_1 TO B5_3】 [1-3순위]가장 많이 하는 활동,아무것도 하지 않는다,2.469,0.696,486,5027,16.479,4.9e-05,0.1485,1.773,True
【B5_1】 [1순위]가장 많이 하는 활동,아무것도 하지 않는다,2.469,0.696,486,5027,16.479,4.9e-05,0.1485,1.773,True
【B5_1 TO B5_3】 [1-3순위]가장 많이 하는 활동,실내운동,10.288,15.218,486,5027,8.549,0.003457,0.1484,-4.93,True
【A9_1】 최초 은둔 시작 시기,19세 이하,13.187,8.596,486,5027,11.3296,0.000763,0.1481,4.591,True
【A13_3】 물리적 고립▶친한 친구나 친한 사람과의 대면 교류,3개월에한두 번,14.403,19.873,486,5027,8.4813,0.003588,0.1456,-5.47,True
【C5x9】 기타▶제공 장소,집에 찾아오는 상담자 지정 및 지원 연계,21.429,15.789,486,5027,10.2083,0.001398,0.1453,5.64,True
【A19_5】 성인기 전 경험▶전학이나 이사를 자주 한 경험,있다,32.51,25.98,486,5027,9.6905,0.001852,0.1438,6.53,True
【A19_5】 성인기 전 경험▶전학이나 이사를 자주 한 경험,없다,67.49,74.02,486,5027,9.6905,0.001852,0.1438,-6.53,True
【C5x1】 경제적 지원▶제공 장소,"집에서 1시간 거리 이내, 교통 좋은 곳에서 상담 등 지원 제공",48.561,41.424,486,5027,9.28,0.002317,0.1436,7.137,True
【SQ8_1 TO SQ8_13】 비동거 가족,기타(기입: [TEXT_1]),2.439,0.722,486,5027,15.7785,7.1e-05,0.1435,1.717,True
【B2】 평균 수면 시간,7~8시간,44.837,51.896,486,5027,8.8006,0.003011,0.1414,-7.059,True
【C6x6】 비슷한 상황에 있는 사람들과의 만남▶제공 방식,1:1로 혼자서,21.739,27.82,486,5027,8.0895,0.004452,0.1411,-6.081,True
【B6_1 TO B6_6】 PC/모바일 기기 활동,인터넷 서핑,68.564,74.845,486,5027,9.2571,0.002346,0.1396,-6.281,True
【C7x3】 병원 진단 및 치료▶제공 기간,4~6개월 정도,11.667,16.485,486,5027,7.4521,0.006336,0.139,-4.818,True
【C5x2】 심리 상담▶제공 장소,"집에서 1시간 거리 이내, 교통 좋은 곳에서 상담 등 지원 제공",56.425,49.493,486,5027,8.405,0.003742,0.139,6.932,True
【A19_4】 성인기 전 경험▶가까운 사람을 잃은 경험,있다,41.564,34.892,486,5027,8.6182,0.003328,0.1374,6.672,True
【A19_4】 성인기 전 경험▶가까운 사람을 잃은 경험,없다,58.436,65.108,486,5027,8.6182,0.003328,0.1374,-6.672,True
【C6x8】 가까운 사람들의 이해와 지지▶제공 방식,가족과 함께,19.328,25.0,486,5027,7.683,0.005574,0.1368,-5.672,True
【SQ8_1 TO SQ8_13】 비동거 가족,형제자매,29.268,35.667,486,5027,8.0916,0.004447,0.1368,-6.399,True
【B9_1】 자기관리 및 청결 ▶옷을 갈아입는다,한 달에한 번,2.058,0.577,486,5027,13.8329,0.0002,0.1358,1.481,True
【A17_1_1 TO A17_1_5】 온라인 대화 방식,기타(기입: [TEXT_1]),1.435,0.277,486,5027,15.7642,7.2e-05,0.1348,1.158,True
【C4_1 TO C4_9】 고립/은둔 회복 위해 필요한 지원,기타(기입: [TEXT_1]),2.881,1.062,486,5027,12.3126,0.00045,0.1346,1.819,True
【B9_3】 자기관리 및 청결 ▶세수/양치를 한다,한 달에한 번,1.646,0.378,486,5027,14.6232,0.000131,0.1343,1.268,True
【B5_1 TO B5_3】 [1-3순위]가장 많이 하는 활동,책 읽기,17.49,22.737,486,5027,7.0484,0.007934,0.1311,-5.247,True
【B12_9】 우울 척도▶차라리 죽는 것이 더 낫겠다고 생각했다/혹은 자해할 생각을 했다.,7일 이상,12.757,8.753,486,5027,8.5861,0.003387,0.1298,4.004,True
【SQ6_R】 동거인 수,1명,26.132,20.648,486,5027,7.9944,0.004692,0.1297,5.484,True
【B12_1 TO B12_9】 우울 척도 총점,25.00,1.029,0.139,486,5027,16.1458,5.9e-05,0.1286,0.89,True
【C8_3】 서울시 고립·은둔청년 지원 사업 도움 여부,별로도움되지 않았다,7.143,10.749,486,5027,5.9457,0.014753,0.127,-3.606,True
【B2_R】 수면 시간(Recode),4시간 미만,3.523,1.565,486,5027,9.6119,0.001933,0.1268,1.958,True
【A13_1】 물리적 고립▶가족들과의 대면 교류,3개월에한두 번,9.053,12.97,486,5027,6.1622,0.013051,0.1256,-3.917,True
【C7x2】 심리 상담▶제공 기간,1회로 끝나는 단기적 지원,1.676,3.663,486,5027,5.3483,0.020742,0.1255,-1.987,True
【B4】 주 외출 시간대,오전,21.795,27.159,486,5027,6.4661,0.010995,0.1249,-5.364,True
【B12_2】 우울 척도▶평소 하던 일에 대한 흥미가 없어지거나 즐거움을 느끼지 못했다.,"2, 3일 이상",30.041,35.846,486,5027,6.5363,0.01057,0.1236,-5.805,True
【B12_1 TO B12_9】 우울 척도 총점,10.00,4.321,2.168,486,5027,8.9193,0.002822,0.1232,2.153,True
【B2】 평균 수면 시간,9시간 이상,7.337,4.493,486,5027,8.3,0.003964,0.1214,2.844,True
【A3】 일 또는 학업활동을 전혀 하지 않고 생활해온 기간,7년 이상 ~ 10년 미만,5.607,3.158,486,5027,7.782,0.005277,0.1208,2.449,True
【B9_1】 자기관리 및 청결 ▶옷을 갈아입는다,2~3주에한 번,4.115,2.069,486,5027,8.4408,0.003669,0.1199,2.046,True
【A17_1_1 TO A17_1_5】 온라인 대화 방식,게임에서 만난다,24.402,19.453,486,5027,7.0363,0.007987,0.1198,4.949,True
【C6x9】 기타▶제공 방식,가족과 함께,7.143,10.526,486,5027,5.3237,0.021037,0.1197,-3.383,True
【A20_1】 성인기 후 경험▶돈이 없어서 학교를 그만 다녀야 했던 경험,있다,13.58,9.787,486,5027,7.0088,0.008111,0.1184,3.793,True
【A20_1】 성인기 후 경험▶돈이 없어서 학교를 그만 다녀야 했던 경험,없다,86.42,90.213,486,5027,7.0088,0.008111,0.1184,-3.793,True
【B12_2】 우울 척도▶평소 하던 일에 대한 흥미가 없어지거나 즐거움을 느끼지 못했다.,7일 이상,18.107,13.786,486,5027,6.806,0.009085,0.1183,4.321,True
"【C7x4】 취미, 운동 등의 활동▶제공 기간",1회로 끝나는 단기적 지원,7.373,4.596,486,5027,7.6049,0.005821,0.1179,2.777,True
【A13_1】 물리적 고립▶가족들과의 대면 교류,일주일에한두 번,15.844,20.35,486,5027,5.6349,0.017607,0.1172,-4.506,True
"【C5x4】 취미, 운동 등의 활동▶제공 장소",온라인 채팅 상담 및 지원 연계,19.816,24.607,486,5027,5.6955,0.017008,0.1154,-4.791,True
【C8_4_1 TO C8_4_8】 서울시 고립·은둔청년 지원 사업 도움이 되지 않은 이유,지원받기까지 상당시간이 소요되어서,10.0,6.818,486,5027,7.1269,0.007594,0.1152,3.182,True
【SQ8_1 TO SQ8_13】 비동거 가족,형제자매의 배우자,8.943,12.477,486,5027,5.4543,0.01952,0.1146,-3.534,True
【A2】 지난 4주간 취업 의향,"직장을 구해보았지만, 지난주에 직장이 주어졌더라도 일을 시작할 수 없었다.",13.592,9.956,486,5027,6.3523,0.011723,0.1131,3.636,True
【B12_1 TO B12_9】 우울 척도 총점,4.00,3.909,6.386,486,5027,4.695,0.030251,0.1129,-2.477,True
【B9_3】 자기관리 및 청결 ▶세수/양치를 한다,2~3일에한 번,10.288,7.122,486,5027,6.484,0.010885,0.1128,3.166,True
【SQ8_1 TO SQ8_13】 비동거 가족,할머니,17.073,21.505,486,5027,5.2114,0.02244,0.1125,-4.432,True
【B5_1】 [1순위]가장 많이 하는 활동,책 읽기,1.852,3.66,486,5027,4.2899,0.03834,0.112,-1.808,True
【B12_6】 우울 척도▶피곤하고 기운이 없었다.,7일 이상,22.428,17.943,486,5027,5.9522,0.014699,0.1119,4.485,True
【B8】 평소 식사 방식,혼자서 배달시켜 먹는다,18.107,14.024,486,5027,5.9982,0.014321,0.1114,4.083,True
【C8_6_1 TO C8_6_8】 서울시 고립·은둔청년 지원 사업 불참 이유,다른 지원사업에 참여하고 있어서,1.786,3.546,486,5027,3.858,0.049509,0.1108,-1.76,True
【A15_1】 최초 고립 시작 시기,19세 이하,21.088,16.76,486,5027,5.5518,0.018462,0.1107,4.328,True
【C5x2】 심리 상담▶제공 장소,온라인 채팅 상담 및 지원 연계,32.402,27.358,486,5027,5.4161,0.019952,0.1103,5.044,True
【C5x8】 가까운 사람들의 이해와 지지▶제공 장소,집에 찾아오는 상담자 지정 및 지원 연계,16.807,21.074,486,5027,4.7488,0.029318,0.1091,-4.267,True
【B2】 평균 수면 시간,4시간 이하,6.522,4.092,486,5027,6.633,0.010011,0.1091,2.43,True
【C4_1 TO C4_9】 고립/은둔 회복 위해 필요한 지원,비슷한 상황에 있는 사람들과의 만남,18.93,14.873,486,5027,5.6293,0.017663,0.1084,4.057,True
【SQ8_1 TO SQ8_13】 비동거 가족,없음,41.192,35.928,486,5027,5.2294,0.022209,0.1082,5.264,True
【C6x1】 경제적 지원▶제공 방식,비슷한 문제를 겪는 사람들과 함께,10.432,13.936,486,5027,4.48,0.034294,0.1074,-3.504,True
【B6_1 TO B6_6】 PC/모바일 기기 활동,동영상 보기,70.732,65.757,486,5027,4.9856,0.025559,0.1069,4.975,True
【A7】 외출 빈도,사람을 만나기 위해 가끔 외출한다,8.642,11.856,486,5027,4.4733,0.034428,0.1063,-3.214,True
【B3】 가장 활발한 활동 시간대,밤,27.1,22.588,486,5027,5.2573,0.021854,0.1045,4.512,True
【B12_1 TO B12_9】 우울 척도 총점,19.00,2.058,0.855,486,5027,6.7273,0.009495,0.1027,1.203,True
【B5_1】 [1순위]가장 많이 하는 활동,게임,11.111,8.116,486,5027,5.1771,0.022886,0.1019,2.995,True
【C6x2】 심리 상담▶제공 방식,비슷한 문제를 겪는 사람들과 함께,11.173,14.575,486,5027,4.3608,0.036776,0.1018,-3.402,True
【B1_3】 평소 생활 패턴▶나는 평소 밤낮이 바뀐 생활을 하는 편이다,그렇다,23.457,19.316,486,5027,4.8076,0.028335,0.1011,4.141,True
【B12_3】 우울 척도▶잠들기가 어렵거나 자주 깼다/혹은 너무 많이 잤다.,7일 이상,16.461,12.89,486,5027,4.9293,0.026406,0.1011,3.571,True
【B1_4】 평소 생활 패턴▶나는 거의 비슷한 시간에 잠들고 일어나는 편이다,매우그렇다,10.494,13.786,486,5027,4.1132,0.042549,0.101,-3.292,True
【A4_1 TO A4_8】 생활비 출처,기타 친인척의 지원,1.562,0.562,486,5027,8.1026,0.00442,0.1005,1.0,True
【C5x8】 가까운 사람들의 이해와 지지▶제공 장소,"집에서 1시간 거리 이내, 교통 좋은 곳에서 상담 등 지원 제공",42.857,47.831,486,5027,4.4855,0.034184,0.1,-4.974,True
【C7x2】 심리 상담▶제공 기간,4~6개월 정도,12.291,15.666,486,5027,3.7748,0.052031,0.0975,-3.375,False
【C8_6_1 TO C8_6_8】 서울시 고립·은둔청년 지원 사업 불참 이유,기타(기입:  [TEXT_1] ),7.143,4.839,486,5027,5.1885,0.022737,0.0975,2.304,True
【B7】 평소 식사 횟수,2~3일 간격으로 1끼,1.646,0.637,486,5027,6.2702,0.012278,0.0975,1.009,True
【B1_3】 평소 생활 패턴▶나는 평소 밤낮이 바뀐 생활을 하는 편이다,전혀그렇지않다,16.461,20.231,486,5027,3.9513,0.046834,0.0975,-3.77,True
【B8】 평소 식사 방식,가족이 식사를 차려서 방 앞에 두거나 방에 넣어 준다,1.852,0.776,486,5027,5.9451,0.014758,0.0966,1.076,True
"【C7x4】 취미, 운동 등의 활동▶제공 기간",1개월 정도,12.442,15.765,486,5027,3.9844,0.045922,0.0956,-3.323,True
【B12_5】 우울 척도▶다른 사람들이 눈치챌 정도로 평소보다 말과 행동이 느려졌다/혹은 너무 안절부절못해서 가만히 앉아있을 수 없었다.,7일 이상,12.14,9.21,486,5027,4.4372,0.035164,0.0951,2.93,True
【A1】 지난주 노동 여부,휴가 및 일시 휴직 중이다.,7.819,5.47,486,5027,4.5641,0.032649,0.0947,2.349,True
【B12_8】 우울 척도▶신문을 읽거나 TV를 보는 것과 같은 일상적인 일에도 집중할 수가 없었다.,7일 이상,13.58,10.503,486,5027,4.3643,0.036699,0.0947,3.077,True
【C5x3】 병원 진단 및 치료▶제공 장소,온라인 채팅 상담 및 지원 연계,25.833,21.818,486,5027,4.3233,0.037594,0.0943,4.015,True
【B1_1】 평소 생활 패턴▶나는 우리 가족과 친밀한 편이다,보통이다,33.333,29.023,486,5027,3.9659,0.04643,0.0931,4.31,True
【B1_1】 평소 생활 패턴▶나는 우리 가족과 친밀한 편이다,Middle(③),33.333,29.023,486,5027,3.9659,0.04643,0.0931,4.31,True
【C7x7】 가족에 대한 교육과 상담▶제공 기간,1개월 정도,13.462,16.711,486,5027,3.5928,0.058029,0.0909,-3.249,False
【C6x8】 가까운 사람들의 이해와 지지▶제공 방식,비슷한 문제를 겪는 사람들과 함께,36.975,32.645,486,5027,3.8667,0.049252,0.0909,4.33,True
【C8_6_1 TO C8_6_8】 서울시 고립·은둔청년 지원 사업 불참 이유,신청해도 지원 대상으로 뽑힐 것 같지 않아서,29.018,25.012,486,5027,3.7599,0.052496,0.0903,4.006,False
【A4_1 TO A4_8】 생활비 출처,형제/자매의 지원,2.232,1.103,486,5027,5.1224,0.023619,0.0895,1.129,True
【A11】 지난 2주 동안 교류 횟수,3회,10.569,13.44,486,5027,3.3769,0.066117,0.0885,-2.871,False
【A4_1 TO A4_8】 생활비 출처,배우자/연인/동거자 등의 수입,18.75,22.287,486,5027,3.2681,0.070639,0.0877,-3.537,False
【B2_R】 수면 시간(Recode),4~8시간 미만,69.919,73.856,486,5027,3.4661,0.062638,0.0876,-3.937,False
【SQ6_R】 동거인 수,3명,25.72,29.58,486,5027,3.1915,0.074024,0.0863,-3.86,False
【A13_2】 물리적 고립▶친인척들과의 대면 교류,거의 매일 (일주일에서너 번이상),1.235,2.367,486,5027,2.5656,0.109212,0.0862,-1.132,False
【B2_R】 수면 시간(Recode),12~16시간 미만,1.084,0.381,486,5027,4.331,0.037424,0.0851,0.703,True
【C5x5】 일자리나 공부 기회▶제공 장소,온라인 채팅 상담 및 지원 연계,34.314,30.402,486,5027,3.2741,0.070381,0.0837,3.912,False
【A17_1_1 TO A17_1_5】 온라인 대화 방식,온라인 커뮤니티 등에 게시글이나 댓글 등을 적는다,47.368,43.268,486,5027,2.9684,0.084907,0.0824,4.1,False
【B6_1 TO B6_6】 PC/모바일 기기 활동,기타(기입: [TEXT_1]),1.897,0.943,486,5027,3.7054,0.054237,0.0818,0.954,False
【B5_1】 [1순위]가장 많이 하는 활동,음악 듣기,3.086,4.655,486,5027,2.5279,0.111851,0.0818,-1.569,False
【B12_1 TO B12_9】 우울 척도 총점,22.00,1.235,0.497,486,5027,4.3079,0.037936,0.0816,0.738,True
【B1_5】 평소 생활 패턴▶나는 잠을 설치는 것 없이 잘 자는 편이다,Middle(③),29.63,33.34,486,5027,2.7587,0.096725,0.0799,-3.71,False
【B1_5】 평소 생활 패턴▶나는 잠을 설치는 것 없이 잘 자는 편이다,보통이다,29.63,33.34,486,5027,2.7587,0.096725,0.0799,-3.71,False
【B12_1 TO B12_9】 우울 척도 총점,3.00,4.938,6.803,486,5027,2.4869,0.114801,0.0796,-1.865,False
【C7x8】 가까운 사람들의 이해와 지지▶제공 기간,1개월 정도,14.286,17.149,486,5027,2.7475,0.097408,0.0787,-2.863,False
【A8】 은둔 기간,6개월 이상 ~ 1년 미만,11.852,14.504,486,5027,2.3872,0.122329,0.0785,-2.652,False
【B12_1 TO B12_9】 우울 척도 총점,11.00,3.704,2.367,486,5027,3.2665,0.070708,0.0784,1.337,False
【B12_1 TO B12_9】 우울 척도 총점,21.00,1.44,0.656,486,5027,3.7804,0.051856,0.0784,0.784,False
【A9_1】 최초 은둔 시작 시기,25~29세,31.319,34.88,486,5027,2.534,0.111418,0.0757,-3.561,False
【C6x9】 기타▶제공 방식,비슷한 문제를 겪는 사람들과 함께,21.429,18.421,486,5027,2.588,0.107676,0.0754,3.008,False
"【B12_7】 우울 척도▶내가 잘못했거나, 실패했다는 생각이 들었다/혹은 자신과 가족을 실망시켰다고 생각했다.","2, 3일 이상",28.395,25.085,486,5027,2.5647,0.109271,0.0748,3.31,False
"【C7x4】 취미, 운동 등의 활동▶제공 기간",4~6개월 정도,10.599,12.914,486,5027,1.9514,0.162435,0.072,-2.315,False
【C6x7】 가족에 대한 교육과 상담▶제공 방식,비슷한 문제를 겪는 사람들과 함께,15.385,18.037,486,5027,2.0628,0.150929,0.0711,-2.652,False
【C8_1】 서울시 고립·은둔청년 지원 사업 인지 경로,현수막·전단지 등을 통해,2.174,1.289,486,5027,3.0692,0.079789,0.0684,0.885,False
【C7x6】 비슷한 상황에 있는 사람들과의 만남▶제공 기간,4~6개월 정도,8.696,10.714,486,5027,2.0338,0.153833,0.0683,-2.018,False
【C4_1 TO C4_9】 고립/은둔 회복 위해 필요한 지원,"취미, 운동 등의 활동",44.65,48.057,486,5027,2.0657,0.150646,0.0683,-3.407,False
【B4】 주 외출 시간대,오후,56.41,59.771,486,5027,2.1238,0.145028,0.0681,-3.361,False
【B12_4】 우울 척도▶평소보다 식욕이 줄었다/혹은 평소보다 많이 먹었다.,"2, 3일 이상",24.897,27.889,486,5027,1.9846,0.158911,0.0679,-2.992,False
【A3】 일 또는 학업활동을 전혀 하지 않고 생활해온 기간,1년 이상 ~ 3년 미만,20.561,17.895,486,5027,2.1321,0.144245,0.0677,2.666,False
【A3】 일 또는 학업활동을 전혀 하지 않고 생활해온 기간,6개월 이상 ~ 1년 미만,14.953,12.632,486,5027,2.2592,0.13282,0.0674,2.321,False
【B9_1】 자기관리 및 청결 ▶옷을 갈아입는다,일주일에한 번,11.111,9.091,486,5027,2.1506,0.142515,0.0671,2.02,False
【A2_1_2】 미취업 이유▶시간적 여유를 즐기기 위해서,아니오 (해당하지 않음),60.274,57.029,486,5027,1.9205,0.165807,0.0659,3.245,False
【A2_1_2】 미취업 이유▶시간적 여유를 즐기기 위해서,예 (해당함),39.726,42.971,486,5027,1.9205,0.165807,0.0659,-3.245,False
【C7x5】 일자리나 공부 기회▶제공 기간,4~6개월 정도,11.275,13.384,486,5027,1.6581,0.19786,0.0642,-2.109,False
【C5x7】 가족에 대한 교육과 상담▶제공 장소,"집에서 1시간 거리 이내, 교통 좋은 곳에서 상담 등 지원 제공",46.154,42.971,486,5027,1.7605,0.184558,0.0641,3.183,False
【A15_1】 최초 고립 시작 시기,20~24세,39.456,36.364,486,5027,1.8851,0.169751,0.0637,3.092,False
【A2】 지난 4주간 취업 의향,직장을 구해보지 않았다.,76.214,73.451,486,5027,1.6515,0.198757,0.0637,2.763,False
【B6_1 TO B6_6】 PC/모바일 기기 활동,게임,34.146,37.111,486,5027,1.6719,0.195999,0.0619,-2.965,False
【B5_1 TO B5_3】 [1-3순위]가장 많이 하는 활동,음악 듣기,31.893,34.732,486,5027,1.5815,0.208545,0.0602,-2.839,False
【B5_1】 [1순위]가장 많이 하는 활동,기타(기입:  [TEXT_1] ),0.617,1.174,486,5027,1.2337,0.266691,0.0599,-0.557,False
【C8_3】 서울시 고립·은둔청년 지원 사업 도움 여부,전혀도움되지 않았다,4.762,3.583,486,5027,1.6578,0.197901,0.0591,1.179,False
【C4_1 TO C4_9】 고립/은둔 회복 위해 필요한 지원,가까운 사람들의 이해와 지지,24.486,27.062,486,5027,1.4891,0.222356,0.0589,-2.576,False
【C6x7】 가족에 대한 교육과 상담▶제공 방식,1:1로 혼자서,30.769,28.117,486,5027,1.657,0.198005,0.0582,2.652,False
【A15_1】 최초 고립 시작 시기,25~29세,23.81,26.308,486,5027,1.3786,0.240344,0.0577,-2.498,False
【B2_R】 수면 시간(Recode),16시간 이상,0.271,0.06,486,5027,1.3044,0.253415,0.0552,0.211,False
【C3】 고립/은둔 벗어나기 위한 시도 실패 이유,힘들고 지쳐서 계속할 수 없었다,20.588,22.798,486,5027,1.2494,0.263669,0.0536,-2.21,False
【C6x5】 일자리나 공부 기회▶제공 방식,비슷한 문제를 겪는 사람들과 함께,32.353,34.799,486,5027,1.2123,0.27087,0.0518,-2.446,False
【A18_1 TO A18_4】 [Summary_4점 평균] 외로움 척도,나는 도움을 청할 사람이 아무도 없다,2.872,2.083,486,5027,1.316,0.251311,0.0509,0.789,False
【C8_6_1 TO C8_6_8】 서울시 고립·은둔청년 지원 사업 불참 이유,"참여한 적 있으나, 큰 효과를 보지 못해서",4.464,5.558,486,5027,0.899,0.343054,0.0502,-1.094,False
【A13_1】 물리적 고립▶가족들과의 대면 교류,거의 매일 (일주일에서너 번이상),37.654,40.024,486,5027,1.0384,0.3082,0.0486,-2.37,False
【A6】 본인의 주관적 경제 수준,약간 부족함,33.482,35.787,486,5027,0.9767,0.323025,0.0485,-2.305,False
【B1_4】 평소 생활 패턴▶나는 거의 비슷한 시간에 잠들고 일어나는 편이다,보통이다,30.247,28.068,486,5027,1.0374,0.308437,0.048,2.179,False
【B1_4】 평소 생활 패턴▶나는 거의 비슷한 시간에 잠들고 일어나는 편이다,Middle(③),30.247,28.068,486,5027,1.0374,0.308437,0.048,2.179,False
【A18_1 TO A18_4】 [Summary_4점 평균] 외로움 척도,나는 사람들 사이에서 고립되어 있다고 느껴진다,2.893,2.149,486,5027,1.0981,0.294688,0.0476,0.744,False
【B5_1】 [1순위]가장 많이 하는 활동,잠,10.494,9.091,486,5027,1.0426,0.307211,0.0472,1.403,False
【A5】 가정의 주관적 사회경제적 수준,상,1.786,2.447,486,5027,0.6712,0.412642,0.0461,-0.661,False
【B12_1 TO B12_9】 우울 척도 총점,12.00,3.498,2.705,486,5027,1.0316,0.309772,0.0458,0.793,False
【SQ8_1 TO SQ8_13】 비동거 가족,배우자,2.439,1.785,486,5027,1.1245,0.28896,0.0456,0.654,False
【C8_4_1 TO C8_4_8】 서울시 고립·은둔청년 지원 사업 도움이 되지 않은 이유,지원 내용이 만족스럽지 않아서,50.0,52.273,486,5027,0.9212,0.337157,0.0455,-2.273,False
【B9_3】 자기관리 및 청결 ▶세수/양치를 한다,2~3주에한 번,1.44,2.029,486,5027,0.7925,0.373345,0.0453,-0.589,False
【A15_1】 최초 고립 시작 시기,30~34세,13.946,15.541,486,5027,0.8112,0.367753,0.045,-1.595,False
【B11_1】 약물 복용 기간,2~5년 미만,14.894,13.351,486,5027,0.8178,0.365837,0.0443,1.543,False
【A18_1 TO A18_4】 [Summary_4점 평균] 외로움 척도,나는 혼자 남겨진 것 같다고 느껴진다,2.866,2.187,486,5027,0.9665,0.32555,0.0434,0.679,False
【C8_1】 서울시 고립·은둔청년 지원 사업 인지 경로,인터넷 블로그나 커뮤니티를 통해,11.594,13.015,486,5027,0.8735,0.349995,0.0433,-1.421,False
【SQ8_1 TO SQ8_13】 비동거 가족,할아버지,11.924,13.32,486,5027,0.7512,0.386091,0.0421,-1.396,False
"【B12_1】 우울 척도▶기분이 가라앉거나, 우울하거나, 희망이 없다고 느꼈다.","2, 3일 이상",34.774,32.803,486,5027,0.7788,0.377518,0.0417,1.971,False
【C1_1】 고립/은둔 벗어나기 위한 시도 여부,아니다,56.962,59.001,486,5027,0.7359,0.390983,0.0413,-2.039,False
【C1_1】 고립/은둔 벗어나기 위한 시도 여부,그렇다,43.038,40.999,486,5027,0.7359,0.390983,0.0413,2.039,False
【B9_4】 자기관리 및 청결 ▶내 방의 어질러진 물건들을 정리 정돈한다,일주일에한 번,20.782,22.479,486,5027,0.7356,0.391069,0.0412,-1.697,False
【SQ8_1 TO SQ8_13】 비동거 가족,기타 친인척,14.092,12.718,486,5027,0.6499,0.420158,0.0403,1.374,False
【C5x1】 경제적 지원▶제공 장소,온라인 채팅 상담 및 지원 연계,42.086,40.123,486,5027,0.7799,0.377171,0.0399,1.963,False
【B12_1 TO B12_9】 우울 척도 총점,14.00,2.675,3.342,486,5027,0.621,0.430677,0.0391,-0.667,False
【C7x8】 가까운 사람들의 이해와 지지▶제공 기간,1회로 끝나는 단기적 지원,9.244,8.161,486,5027,0.7124,0.398644,0.0384,1.083,False
【C4_1 TO C4_9】 고립/은둔 회복 위해 필요한 지원,병원 진단 및 치료,24.691,23.064,486,5027,0.6656,0.414596,0.0382,1.627,False
【B12_1 TO B12_9】 우울 척도 총점,5.00,4.527,5.351,486,5027,0.6023,0.437692,0.0381,-0.824,False
【A10】 지난 2주간 교류 상대,3명,12.737,11.494,486,5027,0.6849,0.407915,0.0381,1.243,False
【SQ6_R】 동거인 수,5명 이상,5.35,6.226,486,5027,0.5901,0.442397,0.0375,-0.876,False
【A18_1 TO A18_4】 [Summary_4점 평균] 외로움 척도,나는 나와 같이 있어 줄 사람이 부족하다,2.893,2.298,486,5027,0.6322,0.426549,0.0375,0.595,False
【B12_1 TO B12_9】 우울 척도 총점,9.00,4.527,3.78,486,5027,0.6691,0.413379,0.0375,0.747,False
【B8】 평소 식사 방식,가족이 식탁에 차려 놓으면 혼자 먹는다,11.317,12.512,486,5027,0.5829,0.445194,0.0369,-1.195,False
【B7】 평소 식사 횟수,하루에 4끼 이상,1.646,1.213,486,5027,0.6712,0.412648,0.0366,0.433,False
【A18_1】 외로움 척도▶나는 나와 같이 있어 줄 사람이 부족하다,가끔그런편이다,39.712,37.935,486,5027,0.5933,0.44116,0.0365,1.777,False
【B2】 평균 수면 시간,5~6시간,41.304,39.519,486,5027,0.621,0.430675,0.0364,1.785,False
【A8】 은둔 기간,1년 이상 ~ 3년 미만,28.148,26.527,486,5027,0.6187,0.431542,0.0364,1.621,False
【A3】 일 또는 학업활동을 전혀 하지 않고 생활해온 기간,5년 이상 ~ 7년 미만,7.477,8.421,486,5027,0.5889,0.442826,0.0349,-0.944,False
【C7x1】 경제적 지원▶제공 기간,4~6개월 정도,13.669,14.855,486,5027,0.5771,0.447461,0.0339,-1.186,False
【C7x5】 일자리나 공부 기회▶제공 기간,1회로 끝나는 단기적 지원,4.902,4.207,486,5027,0.5962,0.440049,0.0334,0.695,False
【B9_2】 자기관리 및 청결 ▶목욕/샤워를 한다,일주일에한 번,8.848,7.997,486,5027,0.4324,0.5108,0.0307,0.851,False
【B10】 주관적 건강상태,Middle(③),40.947,42.451,486,5027,0.4108,0.521559,0.0305,-1.504,False
【B10】 주관적 건강상태,보통이다,40.947,42.451,486,5027,0.4108,0.521559,0.0305,-1.504,False
【SQ8_1 TO SQ8_13】 비동거 가족,자녀,1.897,1.505,486,5027,0.3375,0.561276,0.0304,0.392,False
【C7x9】 기타▶제공 기간,1개월 정도,7.143,7.895,486,5027,0.297,0.58577,0.0285,-0.752,False
【B7】 평소 식사 횟수,하루에 2끼,56.79,58.146,486,5027,0.3345,0.563018,0.0274,-1.356,False
【C6x8】 가까운 사람들의 이해와 지지▶제공 방식,1:1로 혼자서,43.697,42.355,486,5027,0.2926,0.58856,0.0271,1.342,False
【B12_1 TO B12_9】 우울 척도 총점,8.00,3.086,3.561,486,5027,0.2937,0.58786,0.0265,-0.475,False
【B5_1】 [1순위]가장 많이 하는 활동,실내운동,1.235,1.532,486,5027,0.2639,0.607454,0.0255,-0.297,False
【B2_R】 수면 시간(Recode),8~12시간 미만,25.203,24.137,486,5027,0.2287,0.632488,0.0247,1.066,False
【C3】 고립/은둔 벗어나기 위한 시도 실패 이유,돈이나 시간 등이 부족해서 계속할 수 없었다,26.471,25.389,486,5027,0.3142,0.575139,0.0247,1.082,False
【SQ8_1 TO SQ8_13】 비동거 가족,자녀의 배우자,2.168,1.825,486,5027,0.4537,0.500573,0.0245,0.343,False
【B12_3】 우울 척도▶잠들기가 어렵거나 자주 깼다/혹은 너무 많이 잤다.,"2, 3일 이상",31.07,32.166,486,5027,0.2445,0.620969,0.0236,-1.096,False
【C4_1 TO C4_9】 고립/은둔 회복 위해 필요한 지원,심리 상담,36.831,35.868,486,5027,0.1792,0.672059,0.02,0.963,False
【B5_1 TO B5_3】 [1-3순위]가장 많이 하는 활동,잠,52.058,51.064,486,5027,0.175,0.675698,0.0199,0.994,False
【A6】 본인의 주관적 경제 수준,매우 여유있음,1.562,1.805,486,5027,0.0677,0.794718,0.0189,-0.243,False
【B4】 주 외출 시간대,새벽,2.564,2.287,486,5027,0.0649,0.798976,0.018,0.277,False
【C8_3】 서울시 고립·은둔청년 지원 사업 도움 여부,보통이다,28.571,29.316,486,5027,0.1113,0.738722,0.0164,-0.745,False
【C2】 고립/은둔 벗어나기 위한 시도 방법,비슷한 상황에 있는 사람들과 만남을 가졌다,3.543,3.255,486,5027,0.0774,0.780797,0.0159,0.288,False
【A16_1 TO A16_11】 고립/은둔 계기,집 밖에 나가는 것이 귀찮아서,39.918,39.181,486,5027,0.0989,0.753211,0.0151,0.737,False
【A13_2】 물리적 고립▶친인척들과의 대면 교류,1년에한두 번,38.477,37.816,486,5027,0.0824,0.774028,0.0136,0.661,False
【A9_1】 최초 은둔 시작 시기,20~24세,39.011,39.673,486,5027,0.0604,0.805813,0.0136,-0.662,False
【A4_1 TO A4_8】 생활비 출처,조부모님의 지원,3.125,2.909,486,5027,0.0518,0.8199,0.0126,0.216,False
【A9_1】 최초 은둔 시작 시기,35~39세,4.121,4.336,486,5027,0.0526,0.818654,0.0107,-0.215,False
【SQ6_R】 동거인 수,2명,15.021,15.377,486,5027,0.0433,0.835108,0.0099,-0.356,False
【C7x6】 비슷한 상황에 있는 사람들과의 만남▶제공 기간,1개월 정도,19.565,19.925,486,5027,0.0412,0.839114,0.009,-0.36,False
【SQ6_R】 동거인 수,4명,27.778,28.168,486,5027,0.0334,0.85508,0.0087,-0.39,False
【C6x9】 기타▶제공 방식,1:1로 혼자서,71.429,71.053,486,5027,0.0253,0.873501,0.0083,0.376,False
【B1_3】 평소 생활 패턴▶나는 평소 밤낮이 바뀐 생활을 하는 편이다,Middle(③),26.543,26.835,486,5027,0.0192,0.889678,0.0066,-0.292,False
【B1_3】 평소 생활 패턴▶나는 평소 밤낮이 바뀐 생활을 하는 편이다,보통이다,26.543,26.835,486,5027,0.0192,0.889678,0.0066,-0.292,False
【B12_1 TO B12_9】 우울 척도 총점,15.00,2.675,2.586,486,5027,0.0139,0.906316,0.0056,0.089,False
【B12_1 TO B12_9】 우울 척도 총점,6.00,4.733,4.615,486,5027,0.0139,0.906306,0.0056,0.118,False
【C4_1 TO C4_9】 고립/은둔 회복 위해 필요한 지원,가족에 대한 교육과 상담,10.7,10.54,486,5027,0.0115,0.914608,0.0052,0.16,False
【B12_1 TO B12_9】 우울 척도 총점,7.00,3.704,3.799,486,5027,0.0111,0.915919,0.005,-0.095,False
【A9_1】 최초 은둔 시작 시기,30~34세,12.363,12.514,486,5027,0.0113,0.915462,0.0046,-0.151,False
【B9_2】 자기관리 및 청결 ▶목욕/샤워를 한다,2~3주에한 번,3.292,3.223,486,5027,0.0069,0.933956,0.0039,0.069,False
【C7x7】 가족에 대한 교육과 상담▶제공 기간,1회로 끝나는 단기적 지원,5.769,5.836,486,5027,0.0037,0.951822,0.0029,-0.067,False
【B9_3】 자기관리 및 청결 ▶세수/양치를 한다,매일,83.128,83.211,486,5027,0.0022,0.962681,0.0022,-0.083,False
【B5_1 TO B5_3】 [1-3순위]가장 많이 하는 활동,기타(기입:  [TEXT_1] ),2.469,2.447,486,5027,0.0009,0.975717,0.0014,0.022,False
"【C6x4】 취미, 운동 등의 활동▶제공 방식",1:1로 혼자서,41.475,41.536,486,5027,0.0001,0.99043,0.0012,-0.061,False
【C8_1】 서울시 고립·은둔청년 지원 사업 인지 경로,기타 지원 단체 방문을 통해,2.174,2.191,486,5027,0.0117,0.913968,0.0012,-0.017,False
【A11】 지난 2주 동안 교류 횟수,2회,15.176,15.145,486,5027,0.0027,0.958749,0.0009,0.031,False
【C2】 고립/은둔 벗어나기 위한 시도 방법,심리 상담을 받았다,10.236,10.262,486,5027,0.0003,0.986999,0.0009,-0.026,False
【B1_2】 평소 생활 패턴▶나는 평소 가족과 대화를 자주 하는 편이다,Middle(③),32.099,32.127,486,5027,0.0002,0.990018,0.0006,-0.028,False
【B1_2】 평소 생활 패턴▶나는 평소 가족과 대화를 자주 하는 편이다,보통이다,32.099,32.127,486,5027,0.0002,0.990018,0.0006,-0.028,False
【A2_1_9】 미취업 이유▶기타,예 (해당함),100.0,100.0,486,5027,0.0,1.0,0.0,0.0,False
【C6x7】 가족에 대한 교육과 상담▶제공 방식,가족과 함께,53.846,53.846,486,5027,0.0006,0.979702,0.0,0.0,False
