var,axis,label,section,category,pct_iso,pct_gen,diff,h,n_iso,n_gen
A1,축2_사회이행,지난주 노동 여부,【A1】 지난주 노동 여부,일을 하였다.,42.0,84.7,-42.7,0.928,486,5027
A1,축2_사회이행,지난주 노동 여부,【A1】 지난주 노동 여부,휴가 및 일시 휴직 중이다.,7.8,5.5,2.3,0.095,486,5027
A1,축2_사회이행,지난주 노동 여부,【A1】 지난주 노동 여부,일을 하지 않았다.,50.2,9.8,40.4,0.937,486,5027
A2,축2_사회이행,취업 의향,【A2】 지난 4주간 취업 의향,"직장을 구해보았고, 지난주에 직장이 주어졌다면 일을 시작할 수 있었다.",10.2,16.6,-6.4,0.189,206,452
A2,축2_사회이행,취업 의향,【A2】 지난 4주간 취업 의향,"직장을 구해보았지만, 지난주에 직장이 주어졌더라도 일을 시작할 수 없었다.",13.6,10.0,3.6,0.113,206,452
A2,축2_사회이행,취업 의향,【A2】 지난 4주간 취업 의향,직장을 구해보지 않았다.,76.2,73.5,2.8,0.064,206,452
A2,축2_사회이행,취업 의향,【A2_1_1】 미취업 이유▶일할 욕구를 느끼지 못해서,예 (해당함),50.7,27.3,23.4,0.484,146,377
A2,축2_사회이행,취업 의향,【A2_1_1】 미취업 이유▶일할 욕구를 느끼지 못해서,아니오 (해당하지 않음),49.3,72.7,-23.4,0.484,146,377
A2,축2_사회이행,취업 의향,【A2_1_2】 미취업 이유▶시간적 여유를 즐기기 위해서,예 (해당함),39.7,43.0,-3.2,0.066,146,377
A2,축2_사회이행,취업 의향,【A2_1_2】 미취업 이유▶시간적 여유를 즐기기 위해서,아니오 (해당하지 않음),60.3,57.0,3.2,0.066,146,377
A2,축2_사회이행,취업 의향,【A2_1_3】 미취업 이유▶질병이나 장애 때문에,예 (해당함),21.9,13.8,8.1,0.213,146,377
A2,축2_사회이행,취업 의향,【A2_1_3】 미취업 이유▶질병이나 장애 때문에,아니오 (해당하지 않음),78.1,86.2,-8.1,0.213,146,377
A2,축2_사회이행,취업 의향,"【A2_1_4】 미취업 이유▶학교, 학원, 훈련기관 등을 다니며 취업 또는 학업을 준비하고 있어서",예 (해당함),15.8,52.0,-36.2,0.794,146,377
A2,축2_사회이행,취업 의향,"【A2_1_4】 미취업 이유▶학교, 학원, 훈련기관 등을 다니며 취업 또는 학업을 준비하고 있어서",아니오 (해당하지 않음),84.2,48.0,36.2,0.794,146,377
A2,축2_사회이행,취업 의향,"【A2_1_5】 미취업 이유▶학교, 학원, 훈련기관 등을 다니지는 않고, 혼자 취업 또는 학업을 준비하고 있어서",예 (해당함),17.1,34.2,-17.1,0.396,146,377
A2,축2_사회이행,취업 의향,"【A2_1_5】 미취업 이유▶학교, 학원, 훈련기관 등을 다니지는 않고, 혼자 취업 또는 학업을 준비하고 있어서",아니오 (해당하지 않음),82.9,65.8,17.1,0.396,146,377
A2,축2_사회이행,취업 의향,【A2_1_6】 미취업 이유▶계속 취업에 실패해서,예 (해당함),30.8,17.8,13.1,0.307,146,377
A2,축2_사회이행,취업 의향,【A2_1_6】 미취업 이유▶계속 취업에 실패해서,아니오 (해당하지 않음),69.2,82.2,-13.1,0.307,146,377
A2,축2_사회이행,취업 의향,【A2_1_7】 미취업 이유▶인간관계에 대한 부담감 때문에,예 (해당함),47.9,19.6,28.3,0.612,146,377
A2,축2_사회이행,취업 의향,【A2_1_7】 미취업 이유▶인간관계에 대한 부담감 때문에,아니오 (해당하지 않음),52.1,80.4,-28.3,0.612,146,377
A2,축2_사회이행,취업 의향,"【A2_1_8】 미취업 이유▶심리적 또는 정신적인 어려움(우울, 불안, 공황, 대인기피, 조현병 등) 때문에",예 (해당함),40.4,16.7,23.7,0.536,146,377
A2,축2_사회이행,취업 의향,"【A2_1_8】 미취업 이유▶심리적 또는 정신적인 어려움(우울, 불안, 공황, 대인기피, 조현병 등) 때문에",아니오 (해당하지 않음),59.6,83.3,-23.7,0.536,146,377
A2,축2_사회이행,취업 의향,【A2_1_9】 미취업 이유▶기타,예 (해당함),100.0,100.0,0.0,0.0,2,21
A3,축2_사회이행,비활동 기간,【A3】 일 또는 학업활동을 전혀 하지 않고 생활해온 기간,3개월 미만,9.3,30.5,-21.2,0.549,107,95
A3,축2_사회이행,비활동 기간,【A3】 일 또는 학업활동을 전혀 하지 않고 생활해온 기간,3개월 이상 ~ 6개월 미만,7.5,16.8,-9.4,0.292,107,95
A3,축2_사회이행,비활동 기간,【A3】 일 또는 학업활동을 전혀 하지 않고 생활해온 기간,6개월 이상 ~ 1년 미만,15.0,12.6,2.3,0.067,107,95
A3,축2_사회이행,비활동 기간,【A3】 일 또는 학업활동을 전혀 하지 않고 생활해온 기간,1년 이상 ~ 3년 미만,20.6,17.9,2.7,0.068,107,95
A3,축2_사회이행,비활동 기간,【A3】 일 또는 학업활동을 전혀 하지 않고 생활해온 기간,3년 이상 ~ 5년 미만,13.1,6.3,6.8,0.232,107,95
A3,축2_사회이행,비활동 기간,【A3】 일 또는 학업활동을 전혀 하지 않고 생활해온 기간,5년 이상 ~ 7년 미만,7.5,8.4,-0.9,0.035,107,95
A3,축2_사회이행,비활동 기간,【A3】 일 또는 학업활동을 전혀 하지 않고 생활해온 기간,7년 이상 ~ 10년 미만,5.6,3.2,2.4,0.121,107,95
A3,축2_사회이행,비활동 기간,【A3】 일 또는 학업활동을 전혀 하지 않고 생활해온 기간,10년 이상,21.5,4.2,17.3,0.551,107,95
A7,축4_은둔정도,외출 빈도,【A7】 외출 빈도,직장이나 학교로 평일은 매일 외출한다,25.1,58.0,-32.9,0.682,486,5027
A7,축4_은둔정도,외출 빈도,【A7】 외출 빈도,직장이나 학교로 일주일에 3~4일 외출한다,5.3,10.3,-4.9,0.185,486,5027
A7,축4_은둔정도,외출 빈도,【A7】 외출 빈도,여가생활을 위해 자주 외출한다,5.3,9.4,-4.1,0.158,486,5027
A7,축4_은둔정도,외출 빈도,【A7】 외출 빈도,사람을 만나기 위해 가끔 외출한다,8.6,11.9,-3.2,0.106,486,5027
A7,축4_은둔정도,외출 빈도,【A7】 외출 빈도,"보통은 집에 있지만, 자신의 취미생활만을 위해 외출한다",17.3,4.5,12.8,0.432,486,5027
A7,축4_은둔정도,외출 빈도,【A7】 외출 빈도,"보통은 집에 있지만, 인근 편의점 등에 외출한다",24.3,4.2,20.1,0.617,486,5027
A7,축4_은둔정도,외출 빈도,【A7】 외출 빈도,"자기 방에서 나오지만, 집 밖으로는 나가지 않는다",7.0,1.1,5.9,0.328,486,5027
A7,축4_은둔정도,외출 빈도,【A7】 외출 빈도,자기 방에서 거의 나오지 않는다,7.0,0.7,6.3,0.371,486,5027
A8,축4_은둔정도,은둔 기간,【A8】 은둔 기간,3개월 미만,7.0,19.5,-12.4,0.377,270,524
A8,축4_은둔정도,은둔 기간,【A8】 은둔 기간,3개월 이상 ~ 6개월 미만,7.8,16.2,-8.4,0.264,270,524
A8,축4_은둔정도,은둔 기간,【A8】 은둔 기간,6개월 이상 ~ 1년 미만,11.9,14.5,-2.7,0.078,270,524
A8,축4_은둔정도,은둔 기간,【A8】 은둔 기간,1년 이상 ~ 3년 미만,28.1,26.5,1.6,0.036,270,524
A8,축4_은둔정도,은둔 기간,【A8】 은둔 기간,3년 이상 ~ 5년 미만,16.7,10.7,6.0,0.175,270,524
A8,축4_은둔정도,은둔 기간,【A8】 은둔 기간,5년 이상 ~ 7년 미만,9.6,4.6,5.0,0.2,270,524
A8,축4_은둔정도,은둔 기간,【A8】 은둔 기간,7년 이상 ~ 10년 미만,7.4,2.3,5.1,0.247,270,524
A8,축4_은둔정도,은둔 기간,【A8】 은둔 기간,10년 이상,11.5,5.7,5.8,0.208,270,524
A10,축1_관계형성,교류 상대(2주),【A10】 지난 2주간 교류 상대,없음,24.1,1.3,22.8,0.794,369,4985
A10,축1_관계형성,교류 상대(2주),【A10】 지난 2주간 교류 상대,1명,22.0,7.8,14.1,0.409,369,4985
A10,축1_관계형성,교류 상대(2주),【A10】 지난 2주간 교류 상대,2명,16.5,10.5,6.1,0.179,369,4985
A10,축1_관계형성,교류 상대(2주),【A10】 지난 2주간 교류 상대,3명,12.7,11.5,1.2,0.038,369,4985
A10,축1_관계형성,교류 상대(2주),【A10】 지난 2주간 교류 상대,4~5명,14.4,22.2,-7.9,0.205,369,4985
A10,축1_관계형성,교류 상대(2주),【A10】 지난 2주간 교류 상대,6~9명,5.4,12.4,-7.0,0.25,369,4985
A10,축1_관계형성,교류 상대(2주),【A10】 지난 2주간 교류 상대,10~19명,3.3,22.6,-19.4,0.629,369,4985
A10,축1_관계형성,교류 상대(2주),【A10】 지난 2주간 교류 상대,20명 이상,1.6,11.6,-10.0,0.439,369,4985
A11,축1_관계형성,교류 횟수(2주),【A11】 지난 2주 동안 교류 횟수,0회,26.8,1.7,25.2,0.83,369,4985
A11,축1_관계형성,교류 횟수(2주),【A11】 지난 2주 동안 교류 횟수,1회,22.5,8.5,14.0,0.396,369,4985
A11,축1_관계형성,교류 횟수(2주),【A11】 지난 2주 동안 교류 횟수,2회,15.2,15.1,0.0,0.001,369,4985
A11,축1_관계형성,교류 횟수(2주),【A11】 지난 2주 동안 교류 횟수,3회,10.6,13.4,-2.9,0.088,369,4985
A11,축1_관계형성,교류 횟수(2주),【A11】 지난 2주 동안 교류 횟수,4~5회,8.4,24.2,-15.8,0.441,369,4985
A11,축1_관계형성,교류 횟수(2주),【A11】 지난 2주 동안 교류 횟수,6~10회,9.5,23.1,-13.6,0.377,369,4985
A11,축1_관계형성,교류 횟수(2주),【A11】 지난 2주 동안 교류 횟수,11회 이상,7.0,13.9,-6.9,0.227,369,4985
A1,축2_사회이행,지난주 노동 여부,【A12_1_1 TO A12_1_4】 정서적 고립▶중요하거나 어려운 일이 있을 때 조언을 구할 수 있는 사람,가족/친척,52.5,77.2,-24.7,0.525,486,5027
A1,축2_사회이행,지난주 노동 여부,【A12_1_1 TO A12_1_4】 정서적 고립▶중요하거나 어려운 일이 있을 때 조언을 구할 수 있는 사람,친구,20.0,75.0,-55.0,1.168,486,5027
A1,축2_사회이행,지난주 노동 여부,【A12_1_1 TO A12_1_4】 정서적 고립▶중요하거나 어려운 일이 있을 때 조언을 구할 수 있는 사람,"그 외 타인 (이웃, 직장동료 등)",8.4,27.4,-19.0,0.513,486,5027
A1,축2_사회이행,지난주 노동 여부,【A12_1_1 TO A12_1_4】 정서적 고립▶중요하거나 어려운 일이 있을 때 조언을 구할 수 있는 사람,없음,36.8,3.2,33.6,0.942,486,5027
A1,축2_사회이행,지난주 노동 여부,"【A12_2_1 TO A12_2_4】 정서적 고립▶급한 일이 있을 때, 부탁할 수 있는 사람",가족/친척,52.3,77.5,-25.2,0.537,486,5027
A1,축2_사회이행,지난주 노동 여부,"【A12_2_1 TO A12_2_4】 정서적 고립▶급한 일이 있을 때, 부탁할 수 있는 사람",친구,14.4,63.3,-48.9,1.062,486,5027
A1,축2_사회이행,지난주 노동 여부,"【A12_2_1 TO A12_2_4】 정서적 고립▶급한 일이 있을 때, 부탁할 수 있는 사람","그 외 타인 (이웃, 직장동료 등)",3.5,18.2,-14.7,0.506,486,5027
A1,축2_사회이행,지난주 노동 여부,"【A12_2_1 TO A12_2_4】 정서적 고립▶급한 일이 있을 때, 부탁할 수 있는 사람",없음,39.3,3.3,36.0,0.987,486,5027
A1,축2_사회이행,지난주 노동 여부,"【A12_3_1 TO A12_3_4】 정서적 고립▶개인적으로 돈을 빌려야 할 때, 부탁할 수 있는 사람",가족/친척,50.0,76.0,-26.0,0.548,486,5027
A1,축2_사회이행,지난주 노동 여부,"【A12_3_1 TO A12_3_4】 정서적 고립▶개인적으로 돈을 빌려야 할 때, 부탁할 수 있는 사람",친구,7.4,43.2,-35.8,0.883,486,5027
A1,축2_사회이행,지난주 노동 여부,"【A12_3_1 TO A12_3_4】 정서적 고립▶개인적으로 돈을 빌려야 할 때, 부탁할 수 있는 사람","그 외 타인 (이웃, 직장동료 등)",2.3,12.0,-9.7,0.405,486,5027
A1,축2_사회이행,지난주 노동 여부,"【A12_3_1 TO A12_3_4】 정서적 고립▶개인적으로 돈을 빌려야 할 때, 부탁할 수 있는 사람",없음,45.7,7.7,37.9,0.92,486,5027
A1,축2_사회이행,지난주 노동 여부,【A12_4_1 TO A12_4_4】 정서적 고립▶낙심하거나 우울할 때 속마음을 털어놓을 수 있는 사람,가족/친척,29.6,57.1,-27.4,0.561,486,5027
A1,축2_사회이행,지난주 노동 여부,【A12_4_1 TO A12_4_4】 정서적 고립▶낙심하거나 우울할 때 속마음을 털어놓을 수 있는 사람,친구,16.5,65.4,-48.9,1.048,486,5027
A1,축2_사회이행,지난주 노동 여부,【A12_4_1 TO A12_4_4】 정서적 고립▶낙심하거나 우울할 때 속마음을 털어놓을 수 있는 사람,"그 외 타인 (이웃, 직장동료 등)",7.0,16.9,-10.0,0.313,486,5027
A1,축2_사회이행,지난주 노동 여부,【A12_4_1 TO A12_4_4】 정서적 고립▶낙심하거나 우울할 때 속마음을 털어놓을 수 있는 사람,없음,56.0,9.4,46.5,1.066,486,5027
A13_1,축1_관계형성,가족 교류,【A13_1】 물리적 고립▶가족들과의 대면 교류,전혀없다,14.4,1.0,13.4,0.577,486,5027
A13_1,축1_관계형성,가족 교류,【A13_1】 물리적 고립▶가족들과의 대면 교류,1년에한두 번,10.9,3.8,7.1,0.283,486,5027
A13_1,축1_관계형성,가족 교류,【A13_1】 물리적 고립▶가족들과의 대면 교류,3개월에한두 번,9.1,13.0,-3.9,0.126,486,5027
A13_1,축1_관계형성,가족 교류,【A13_1】 물리적 고립▶가족들과의 대면 교류,한 달에한두 번,12.1,21.9,-9.7,0.262,486,5027
A13_1,축1_관계형성,가족 교류,【A13_1】 물리적 고립▶가족들과의 대면 교류,일주일에한두 번,15.8,20.4,-4.5,0.117,486,5027
A13_1,축1_관계형성,가족 교류,【A13_1】 물리적 고립▶가족들과의 대면 교류,거의 매일 (일주일에서너 번이상),37.7,40.0,-2.4,0.049,486,5027
A1,축2_사회이행,지난주 노동 여부,【A13_2】 물리적 고립▶친인척들과의 대면 교류,전혀없다,44.7,10.5,34.2,0.805,486,5027
A1,축2_사회이행,지난주 노동 여부,【A13_2】 물리적 고립▶친인척들과의 대면 교류,1년에한두 번,38.5,37.8,0.7,0.014,486,5027
A1,축2_사회이행,지난주 노동 여부,【A13_2】 물리적 고립▶친인척들과의 대면 교류,3개월에한두 번,8.2,20.6,-12.3,0.359,486,5027
A1,축2_사회이행,지난주 노동 여부,【A13_2】 물리적 고립▶친인척들과의 대면 교류,한 달에한두 번,4.5,19.5,-15.0,0.486,486,5027
A1,축2_사회이행,지난주 노동 여부,【A13_2】 물리적 고립▶친인척들과의 대면 교류,일주일에한두 번,2.9,9.3,-6.4,0.278,486,5027
A1,축2_사회이행,지난주 노동 여부,【A13_2】 물리적 고립▶친인척들과의 대면 교류,거의 매일 (일주일에서너 번이상),1.2,2.4,-1.1,0.086,486,5027
A13_3,축1_관계형성,친구 교류,【A13_3】 물리적 고립▶친한 친구나 친한 사람과의 대면 교류,전혀없다,33.7,1.1,32.6,1.026,486,5027
A13_3,축1_관계형성,친구 교류,【A13_3】 물리적 고립▶친한 친구나 친한 사람과의 대면 교류,1년에한두 번,34.8,5.5,29.3,0.788,486,5027
A13_3,축1_관계형성,친구 교류,【A13_3】 물리적 고립▶친한 친구나 친한 사람과의 대면 교류,3개월에한두 번,14.4,19.9,-5.5,0.146,486,5027
A13_3,축1_관계형성,친구 교류,【A13_3】 물리적 고립▶친한 친구나 친한 사람과의 대면 교류,한 달에한두 번,10.3,35.9,-25.6,0.631,486,5027
A13_3,축1_관계형성,친구 교류,【A13_3】 물리적 고립▶친한 친구나 친한 사람과의 대면 교류,일주일에한두 번,4.9,29.4,-24.4,0.698,486,5027
A13_3,축1_관계형성,친구 교류,【A13_3】 물리적 고립▶친한 친구나 친한 사람과의 대면 교류,거의 매일 (일주일에서너 번이상),1.9,8.3,-6.4,0.31,486,5027
A13_4,축1_관계형성,지인 교류,"【A13_4】 물리적 고립▶이외 직장, 학교, 동네에서 알고 지내는 사람들과 대면 교류(업무 상 교류 제외)",전혀없다,62.6,8.0,54.5,1.25,486,5027
A13_4,축1_관계형성,지인 교류,"【A13_4】 물리적 고립▶이외 직장, 학교, 동네에서 알고 지내는 사람들과 대면 교류(업무 상 교류 제외)",1년에한두 번,19.1,8.8,10.3,0.303,486,5027
A13_4,축1_관계형성,지인 교류,"【A13_4】 물리적 고립▶이외 직장, 학교, 동네에서 알고 지내는 사람들과 대면 교류(업무 상 교류 제외)",3개월에한두 번,6.4,16.5,-10.1,0.325,486,5027
A13_4,축1_관계형성,지인 교류,"【A13_4】 물리적 고립▶이외 직장, 학교, 동네에서 알고 지내는 사람들과 대면 교류(업무 상 교류 제외)",한 달에한두 번,4.7,23.5,-18.7,0.573,486,5027
A13_4,축1_관계형성,지인 교류,"【A13_4】 물리적 고립▶이외 직장, 학교, 동네에서 알고 지내는 사람들과 대면 교류(업무 상 교류 제외)",일주일에한두 번,3.5,25.2,-21.7,0.675,486,5027
A13_4,축1_관계형성,지인 교류,"【A13_4】 물리적 고립▶이외 직장, 학교, 동네에서 알고 지내는 사람들과 대면 교류(업무 상 교류 제외)",거의 매일 (일주일에서너 번이상),3.7,18.1,-14.4,0.491,486,5027
A14,축4_은둔정도,고립 기간,【A14】 고립 기간,3개월 미만,3.1,47.9,-44.8,1.173,381,169
A14,축4_은둔정도,고립 기간,【A14】 고립 기간,3개월 이상 ~ 6개월 미만,2.9,13.6,-10.7,0.414,381,169
A14,축4_은둔정도,고립 기간,【A14】 고립 기간,6개월 이상 ~ 1년 미만,13.4,5.9,7.5,0.258,381,169
A14,축4_은둔정도,고립 기간,【A14】 고립 기간,1년 이상 ~ 3년 미만,22.6,10.7,11.9,0.325,381,169
A14,축4_은둔정도,고립 기간,【A14】 고립 기간,3년 이상 ~ 5년 미만,16.8,5.3,11.5,0.379,381,169
A14,축4_은둔정도,고립 기간,【A14】 고립 기간,5년 이상 ~ 7년 미만,11.5,5.3,6.2,0.228,381,169
A14,축4_은둔정도,고립 기간,【A14】 고립 기간,7년 이상 ~ 10년 미만,8.4,1.8,6.6,0.321,381,169
A14,축4_은둔정도,고립 기간,【A14】 고립 기간,10년 이상,21.3,9.5,11.8,0.333,381,169
A1,축2_사회이행,지난주 노동 여부,【A15】 과거 고립 생활 여부,있음,62.8,41.5,21.2,0.428,486,5027
A1,축2_사회이행,지난주 노동 여부,【A15】 과거 고립 생활 여부,없음,37.2,58.5,-21.2,0.428,486,5027
A1,축2_사회이행,지난주 노동 여부,【A15_1】 최초 고립 시작 시기,19세 이하,21.1,16.8,4.3,0.111,294,1969
A1,축2_사회이행,지난주 노동 여부,【A15_1】 최초 고립 시작 시기,20~24세,39.5,36.4,3.1,0.064,294,1969
A1,축2_사회이행,지난주 노동 여부,【A15_1】 최초 고립 시작 시기,25~29세,23.8,26.3,-2.5,0.058,294,1969
A1,축2_사회이행,지난주 노동 여부,【A15_1】 최초 고립 시작 시기,30~34세,13.9,15.5,-1.6,0.045,294,1969
A1,축2_사회이행,지난주 노동 여부,【A15_1】 최초 고립 시작 시기,35~39세,1.7,5.0,-3.3,0.191,294,1969
A1,축2_사회이행,지난주 노동 여부,【A16_1 TO A16_11】 고립/은둔 계기,실직하거나 취업에 어려움을 겪어서,45.5,31.6,13.9,0.287,486,684
A1,축2_사회이행,지난주 노동 여부,【A16_1 TO A16_11】 고립/은둔 계기,학업 중단 혹은 진학 실패로 인해,19.5,12.9,6.7,0.182,486,684
A1,축2_사회이행,지난주 노동 여부,【A16_1 TO A16_11】 고립/은둔 계기,다른 사람과 대화하거나 함께 활동하는 등 인간관계를 맺는 것이 어려워서,40.3,17.3,23.1,0.52,486,684
A1,축2_사회이행,지난주 노동 여부,【A16_1 TO A16_11】 고립/은둔 계기,"친구나 주변 사람들로부터 따돌림, 괴롭힘, 폭력 등을 경험해서",21.0,7.2,13.8,0.41,486,684
A1,축2_사회이행,지난주 노동 여부,【A16_1 TO A16_11】 고립/은둔 계기,"부모님, 형제자매, 친척 등 가족과 갈등이 있어서",19.3,10.7,8.7,0.245,486,684
A1,축2_사회이행,지난주 노동 여부,【A16_1 TO A16_11】 고립/은둔 계기,"가정 문제(가정폭력, 학대, 가족 간 불화, 부모의 이혼 등)로 인해",16.3,6.1,10.1,0.329,486,684
A1,축2_사회이행,지난주 노동 여부,【A16_1 TO A16_11】 고립/은둔 계기,집 밖에 나가는 것이 귀찮아서,39.9,39.2,0.7,0.015,486,684
A1,축2_사회이행,지난주 노동 여부,【A16_1 TO A16_11】 고립/은둔 계기,학교/사회생활이 어렵거나 무의미해서,30.7,13.7,16.9,0.414,486,684
A1,축2_사회이행,지난주 노동 여부,【A16_1 TO A16_11】 고립/은둔 계기,"심리적 또는 정신적인 어려움(우울, 불안, 공황, 대인기피, 조현병 등) 때문에",40.9,12.1,28.8,0.677,486,684
A1,축2_사회이행,지난주 노동 여부,【A16_1 TO A16_11】 고립/은둔 계기,신체적인 질병이나 지병 때문에,11.7,5.8,5.9,0.211,486,684
A1,축2_사회이행,지난주 노동 여부,【A16_1 TO A16_11】 고립/은둔 계기,기타(기입: [TEXT_1] ),2.7,7.9,-5.2,0.241,486,684
A1,축2_사회이행,지난주 노동 여부,【A17】 온라인 대화 여부,그렇다,43.0,57.5,-14.5,0.29,486,5027
A1,축2_사회이행,지난주 노동 여부,【A17】 온라인 대화 여부,그렇지 않다,57.0,42.5,14.5,0.29,486,5027
A1,축2_사회이행,지난주 노동 여부,【A17_1_1 TO A17_1_5】 온라인 대화 방식,게임에서 만난다,24.4,19.5,4.9,0.12,209,2889
A1,축2_사회이행,지난주 노동 여부,【A17_1_1 TO A17_1_5】 온라인 대화 방식,온라인 커뮤니티 등에 게시글이나 댓글 등을 적는다,47.4,43.3,4.1,0.082,209,2889
A1,축2_사회이행,지난주 노동 여부,【A17_1_1 TO A17_1_5】 온라인 대화 방식,메신저로 채팅을 한다,48.8,58.6,-9.8,0.196,209,2889
A1,축2_사회이행,지난주 노동 여부,【A17_1_1 TO A17_1_5】 온라인 대화 방식,SNS 활동을 한다,34.4,44.0,-9.5,0.195,209,2889
A1,축2_사회이행,지난주 노동 여부,【A17_1_1 TO A17_1_5】 온라인 대화 방식,기타(기입: [TEXT_1]),1.4,0.3,1.2,0.135,209,2889
A1,축2_사회이행,지난주 노동 여부,【A18_1】 외로움 척도▶나는 나와 같이 있어 줄 사람이 부족하다,전혀그렇지않다,10.9,18.2,-7.3,0.209,486,5027
A1,축2_사회이행,지난주 노동 여부,【A18_1】 외로움 척도▶나는 나와 같이 있어 줄 사람이 부족하다,별로그렇지않다,19.1,38.8,-19.6,0.439,486,5027
A1,축2_사회이행,지난주 노동 여부,【A18_1】 외로움 척도▶나는 나와 같이 있어 줄 사람이 부족하다,가끔그런편이다,39.7,37.9,1.8,0.036,486,5027
A1,축2_사회이행,지난주 노동 여부,【A18_1】 외로움 척도▶나는 나와 같이 있어 줄 사람이 부족하다,항상그렇다,30.2,5.1,25.2,0.711,486,5027
A1,축2_사회이행,지난주 노동 여부,【A18_1】 외로움 척도▶나는 나와 같이 있어 줄 사람이 부족하다,Top2(③+④),70.0,43.0,27.0,0.551,486,5027
A1,축2_사회이행,지난주 노동 여부,【A18_1】 외로움 척도▶나는 나와 같이 있어 줄 사람이 부족하다,Bottom2(①+②),30.0,57.0,-27.0,0.551,486,5027
A18_2,축1_관계형성,외로움-도움요청불가,【A18_2】 외로움 척도▶나는 도움을 청할 사람이 아무도 없다,전혀그렇지않다,10.7,27.7,-17.0,0.442,486,5027
A18_2,축1_관계형성,외로움-도움요청불가,【A18_2】 외로움 척도▶나는 도움을 청할 사람이 아무도 없다,별로그렇지않다,21.4,40.4,-19.0,0.415,486,5027
A18_2,축1_관계형성,외로움-도움요청불가,【A18_2】 외로움 척도▶나는 도움을 청할 사람이 아무도 없다,가끔그런편이다,37.9,27.8,10.0,0.214,486,5027
A18_2,축1_관계형성,외로움-도움요청불가,【A18_2】 외로움 척도▶나는 도움을 청할 사람이 아무도 없다,항상그렇다,30.0,4.1,26.0,0.755,486,5027
A18_2,축1_관계형성,외로움-도움요청불가,【A18_2】 외로움 척도▶나는 도움을 청할 사람이 아무도 없다,Top2(③+④),67.9,31.9,36.0,0.736,486,5027
A18_2,축1_관계형성,외로움-도움요청불가,【A18_2】 외로움 척도▶나는 도움을 청할 사람이 아무도 없다,Bottom2(①+②),32.1,68.1,-36.0,0.736,486,5027
A1,축2_사회이행,지난주 노동 여부,【A18_3】 외로움 척도▶나는 혼자 남겨진 것 같다고 느껴진다,전혀그렇지않다,12.3,26.3,-14.0,0.36,486,5027
A1,축2_사회이행,지난주 노동 여부,【A18_3】 외로움 척도▶나는 혼자 남겨진 것 같다고 느껴진다,별로그렇지않다,17.9,35.3,-17.4,0.399,486,5027
A1,축2_사회이행,지난주 노동 여부,【A18_3】 외로움 척도▶나는 혼자 남겨진 것 같다고 느껴진다,가끔그런편이다,40.5,31.6,8.9,0.186,486,5027
A1,축2_사회이행,지난주 노동 여부,【A18_3】 외로움 척도▶나는 혼자 남겨진 것 같다고 느껴진다,항상그렇다,29.2,6.7,22.5,0.618,486,5027
A1,축2_사회이행,지난주 노동 여부,【A18_3】 외로움 척도▶나는 혼자 남겨진 것 같다고 느껴진다,Top2(③+④),69.8,38.3,31.4,0.642,486,5027
A1,축2_사회이행,지난주 노동 여부,【A18_3】 외로움 척도▶나는 혼자 남겨진 것 같다고 느껴진다,Bottom2(①+②),30.2,61.7,-31.4,0.642,486,5027
A1,축2_사회이행,지난주 노동 여부,【A18_4】 외로움 척도▶나는 사람들 사이에서 고립되어 있다고 느껴진다,전혀그렇지않다,12.3,27.6,-15.3,0.389,486,5027
A1,축2_사회이행,지난주 노동 여부,【A18_4】 외로움 척도▶나는 사람들 사이에서 고립되어 있다고 느껴진다,별로그렇지않다,16.9,35.6,-18.7,0.432,486,5027
A1,축2_사회이행,지난주 노동 여부,【A18_4】 외로움 척도▶나는 사람들 사이에서 고립되어 있다고 느껴진다,가끔그런편이다,39.9,31.0,8.9,0.187,486,5027
A1,축2_사회이행,지난주 노동 여부,【A18_4】 외로움 척도▶나는 사람들 사이에서 고립되어 있다고 느껴진다,항상그렇다,30.9,5.8,25.1,0.692,486,5027
A1,축2_사회이행,지난주 노동 여부,【A18_4】 외로움 척도▶나는 사람들 사이에서 고립되어 있다고 느껴진다,Top2(③+④),70.8,36.8,34.0,0.696,486,5027
A1,축2_사회이행,지난주 노동 여부,【A18_4】 외로움 척도▶나는 사람들 사이에서 고립되어 있다고 느껴진다,Bottom2(①+②),29.2,63.2,-34.0,0.696,486,5027
A1,축2_사회이행,지난주 노동 여부,【A18_1 TO A18_4】 [Summary_4점 평균] 외로움 척도,나는 나와 같이 있어 줄 사람이 부족하다,2.9,2.3,0.6,0.037,486,5027
A1,축2_사회이행,지난주 노동 여부,【A18_1 TO A18_4】 [Summary_4점 평균] 외로움 척도,나는 도움을 청할 사람이 아무도 없다,2.9,2.1,0.8,0.051,486,5027
A1,축2_사회이행,지난주 노동 여부,【A18_1 TO A18_4】 [Summary_4점 평균] 외로움 척도,나는 혼자 남겨진 것 같다고 느껴진다,2.9,2.2,0.7,0.043,486,5027
A1,축2_사회이행,지난주 노동 여부,【A18_1 TO A18_4】 [Summary_4점 평균] 외로움 척도,나는 사람들 사이에서 고립되어 있다고 느껴진다,2.9,2.1,0.7,0.048,486,5027
A1,축2_사회이행,지난주 노동 여부,【A19_1】 성인기 전 경험▶집안 형편이 갑자기 어려워진 경험,없다,42.2,62.6,-20.4,0.412,486,5027
A1,축2_사회이행,지난주 노동 여부,【A19_1】 성인기 전 경험▶집안 형편이 갑자기 어려워진 경험,있다,57.8,37.4,20.4,0.412,486,5027
A1,축2_사회이행,지난주 노동 여부,【A19_2】 성인기 전 경험▶부모님(혹은 그 외의 나를 키워준 사람)이 나를 심하게 때리거나 꾸짖고 모욕했던 경험,없다,48.8,68.2,-19.4,0.398,486,5027
A1,축2_사회이행,지난주 노동 여부,【A19_2】 성인기 전 경험▶부모님(혹은 그 외의 나를 키워준 사람)이 나를 심하게 때리거나 꾸짖고 모욕했던 경험,있다,51.2,31.8,19.4,0.398,486,5027
A1,축2_사회이행,지난주 노동 여부,"【A19_3】 성인기 전 경험▶가족 중 누군가가 정서적으로 힘들어했던 경험(불안, 우울 등)",없다,37.9,59.4,-21.6,0.435,486,5027
A1,축2_사회이행,지난주 노동 여부,"【A19_3】 성인기 전 경험▶가족 중 누군가가 정서적으로 힘들어했던 경험(불안, 우울 등)",있다,62.1,40.6,21.6,0.435,486,5027
A1,축2_사회이행,지난주 노동 여부,【A19_4】 성인기 전 경험▶가까운 사람을 잃은 경험,없다,58.4,65.1,-6.7,0.137,486,5027
A1,축2_사회이행,지난주 노동 여부,【A19_4】 성인기 전 경험▶가까운 사람을 잃은 경험,있다,41.6,34.9,6.7,0.137,486,5027
A1,축2_사회이행,지난주 노동 여부,【A19_5】 성인기 전 경험▶전학이나 이사를 자주 한 경험,없다,67.5,74.0,-6.5,0.144,486,5027
A1,축2_사회이행,지난주 노동 여부,【A19_5】 성인기 전 경험▶전학이나 이사를 자주 한 경험,있다,32.5,26.0,6.5,0.144,486,5027
A1,축2_사회이행,지난주 노동 여부,【A19_6】 성인기 전 경험▶학교나 동네에서 다른 사람들에게 괴롭힘이나 따돌림을 당했던 경험,없다,42.8,68.3,-25.5,0.519,486,5027
A1,축2_사회이행,지난주 노동 여부,【A19_6】 성인기 전 경험▶학교나 동네에서 다른 사람들에게 괴롭힘이나 따돌림을 당했던 경험,있다,57.2,31.7,25.5,0.519,486,5027
A2,축2_사회이행,취업 의향,【A20_1】 성인기 후 경험▶돈이 없어서 학교를 그만 다녀야 했던 경험,없다,86.4,90.2,-3.8,0.118,486,5027
A2,축2_사회이행,취업 의향,【A20_1】 성인기 후 경험▶돈이 없어서 학교를 그만 다녀야 했던 경험,있다,13.6,9.8,3.8,0.118,486,5027
A2,축2_사회이행,취업 의향,【A20_2】 성인기 후 경험▶가까운 사람이 취업 문제로 나를 압박하거나 진로를 강요했던 경험,없다,54.7,74.1,-19.4,0.409,486,5027
A2,축2_사회이행,취업 의향,【A20_2】 성인기 후 경험▶가까운 사람이 취업 문제로 나를 압박하거나 진로를 강요했던 경험,있다,45.3,25.9,19.4,0.409,486,5027
A2,축2_사회이행,취업 의향,【A20_3】 성인기 후 경험▶내가 원했던 때에 대학 입학을 못했던 경험,없다,62.3,70.9,-8.6,0.182,486,5027
A2,축2_사회이행,취업 의향,【A20_3】 성인기 후 경험▶내가 원했던 때에 대학 입학을 못했던 경험,있다,37.7,29.1,8.6,0.182,486,5027
A2,축2_사회이행,취업 의향,【A20_4】 성인기 후 경험▶내가 원했던 학교에 들어가지 못했던 경험,없다,47.9,56.0,-8.1,0.162,486,5027
A2,축2_사회이행,취업 의향,【A20_4】 성인기 후 경험▶내가 원했던 학교에 들어가지 못했던 경험,있다,52.1,44.0,8.1,0.162,486,5027
A2,축2_사회이행,취업 의향,【A20_5】 성인기 후 경험▶내가 원했던 때에 취업을 못했던 경험,없다,35.4,54.3,-18.9,0.382,486,5027
A2,축2_사회이행,취업 의향,【A20_5】 성인기 후 경험▶내가 원했던 때에 취업을 못했던 경험,있다,64.6,45.7,18.9,0.382,486,5027
A2,축2_사회이행,취업 의향,【A20_6】 성인기 후 경험▶내가 원했던 직장에 들어가지 못했던 경험,없다,39.3,50.4,-11.1,0.224,486,5027
A2,축2_사회이행,취업 의향,【A20_6】 성인기 후 경험▶내가 원했던 직장에 들어가지 못했던 경험,있다,60.7,49.6,11.1,0.224,486,5027
A2,축2_사회이행,취업 의향,【A20_7】 성인기 후 경험▶믿었던 사람이 내게 사기를 치거나 배신했던 경험,없다,50.2,68.4,-18.2,0.373,486,5027
A2,축2_사회이행,취업 의향,【A20_7】 성인기 후 경험▶믿었던 사람이 내게 사기를 치거나 배신했던 경험,있다,49.8,31.6,18.2,0.373,486,5027
A2,축2_사회이행,취업 의향,"【A20_8】 성인기 후 경험▶가까웠던 사람과 헤어져야 했던 경험(절교, 죽음 등)",없다,42.6,58.5,-15.9,0.32,486,5027
A2,축2_사회이행,취업 의향,"【A20_8】 성인기 후 경험▶가까웠던 사람과 헤어져야 했던 경험(절교, 죽음 등)",있다,57.4,41.5,15.9,0.32,486,5027
B2,축3_생활건강,수면 시간,【B2】 평균 수면 시간,4시간 이하,6.5,4.1,2.4,0.109,368,4985
B2,축3_생활건강,수면 시간,【B2】 평균 수면 시간,5~6시간,41.3,39.5,1.8,0.036,368,4985
B2,축3_생활건강,수면 시간,【B2】 평균 수면 시간,7~8시간,44.8,51.9,-7.1,0.141,368,4985
B2,축3_생활건강,수면 시간,【B2】 평균 수면 시간,9시간 이상,7.3,4.5,2.8,0.121,368,4985
B2,축3_생활건강,수면 시간,【B2_R】 수면 시간(Recode),4시간 미만,3.5,1.6,2.0,0.127,369,4984
B2,축3_생활건강,수면 시간,【B2_R】 수면 시간(Recode),4~8시간 미만,69.9,73.9,-3.9,0.088,369,4984
B2,축3_생활건강,수면 시간,【B2_R】 수면 시간(Recode),8~12시간 미만,25.2,24.1,1.1,0.025,369,4984
B2,축3_생활건강,수면 시간,【B2_R】 수면 시간(Recode),12~16시간 미만,1.1,0.4,0.7,0.085,369,4984
B2,축3_생활건강,수면 시간,【B2_R】 수면 시간(Recode),16시간 이상,0.3,0.1,0.2,0.055,369,4984
B7,축3_생활건강,식사 횟수,【B7】 평소 식사 횟수,하루에 4끼 이상,1.6,1.2,0.4,0.037,486,5027
B7,축3_생활건강,식사 횟수,【B7】 평소 식사 횟수,하루에 3끼,23.7,34.9,-11.2,0.248,486,5027
B7,축3_생활건강,식사 횟수,【B7】 평소 식사 횟수,하루에 2끼,56.8,58.1,-1.4,0.027,486,5027
B7,축3_생활건강,식사 횟수,【B7】 평소 식사 횟수,하루에 1끼,13.0,4.8,8.2,0.295,486,5027
B7,축3_생활건강,식사 횟수,【B7】 평소 식사 횟수,2~3일 간격으로 1끼,1.6,0.6,1.0,0.098,486,5027
B7,축3_생활건강,식사 횟수,【B7】 평소 식사 횟수,거의 먹지 않음,2.1,0.3,1.8,0.182,486,5027
B7,축3_생활건강,식사 횟수,【B7】 평소 식사 횟수,기타(기입:  [TEXT_1] ),1.2,0.0,1.2,0.194,486,5027
B10,축3_생활건강,주관적 건강상태,【B10】 주관적 건강상태,매우 나쁘다,10.7,1.0,9.7,0.467,486,5027
B10,축3_생활건강,주관적 건강상태,【B10】 주관적 건강상태,나쁜 편이다,32.5,10.3,22.2,0.559,486,5027
B10,축3_생활건강,주관적 건강상태,【B10】 주관적 건강상태,보통이다,40.9,42.5,-1.5,0.031,486,5027
B10,축3_생활건강,주관적 건강상태,【B10】 주관적 건강상태,좋은 편이다,12.3,38.8,-26.5,0.627,486,5027
B10,축3_생활건강,주관적 건강상태,【B10】 주관적 건강상태,매우 좋다,3.5,7.4,-3.9,0.175,486,5027
B10,축3_생활건강,주관적 건강상태,【B10】 주관적 건강상태,Top2(④+⑤),15.8,46.2,-30.4,0.677,486,5027
B10,축3_생활건강,주관적 건강상태,【B10】 주관적 건강상태,Middle(③),40.9,42.5,-1.5,0.031,486,5027
B10,축3_생활건강,주관적 건강상태,【B10】 주관적 건강상태,Bottom2(①+②),43.2,11.3,31.9,0.748,486,5027
B12_1,축3_생활건강,우울-우울감,"【B12_1】 우울 척도▶기분이 가라앉거나, 우울하거나, 희망이 없다고 느꼈다.",없음,22.2,54.2,-31.9,0.672,486,5027
B12_1,축3_생활건강,우울-우울감,"【B12_1】 우울 척도▶기분이 가라앉거나, 우울하거나, 희망이 없다고 느꼈다.","2, 3일 이상",34.8,32.8,2.0,0.042,486,5027
B12_1,축3_생활건강,우울-우울감,"【B12_1】 우울 척도▶기분이 가라앉거나, 우울하거나, 희망이 없다고 느꼈다.",7일 이상,17.1,9.6,7.5,0.221,486,5027
B12_1,축3_생활건강,우울-우울감,"【B12_1】 우울 척도▶기분이 가라앉거나, 우울하거나, 희망이 없다고 느꼈다.",거의 매일,25.9,3.4,22.5,0.697,486,5027
B12_2,축3_생활건강,우울-흥미상실,【B12_2】 우울 척도▶평소 하던 일에 대한 흥미가 없어지거나 즐거움을 느끼지 못했다.,없음,22.8,45.8,-23.0,0.49,486,5027
B12_2,축3_생활건강,우울-흥미상실,【B12_2】 우울 척도▶평소 하던 일에 대한 흥미가 없어지거나 즐거움을 느끼지 못했다.,"2, 3일 이상",30.0,35.8,-5.8,0.124,486,5027
B12_2,축3_생활건강,우울-흥미상실,【B12_2】 우울 척도▶평소 하던 일에 대한 흥미가 없어지거나 즐거움을 느끼지 못했다.,7일 이상,18.1,13.8,4.3,0.118,486,5027
B12_2,축3_생활건강,우울-흥미상실,【B12_2】 우울 척도▶평소 하던 일에 대한 흥미가 없어지거나 즐거움을 느끼지 못했다.,거의 매일,29.0,4.6,24.4,0.706,486,5027
B12_1,축3_생활건강,우울-우울감,【B12_1 TO B12_9】 우울 척도 총점,.00,7.6,22.6,-15.0,0.433,486,5027
B12_1,축3_생활건강,우울-우울감,【B12_1 TO B12_9】 우울 척도 총점,1.00,2.5,10.0,-7.5,0.327,486,5027
B12_1,축3_생활건강,우울-우울감,【B12_1 TO B12_9】 우울 척도 총점,2.00,2.9,8.6,-5.7,0.253,486,5027
B12_1,축3_생활건강,우울-우울감,【B12_1 TO B12_9】 우울 척도 총점,3.00,4.9,6.8,-1.9,0.08,486,5027
B12_1,축3_생활건강,우울-우울감,【B12_1 TO B12_9】 우울 척도 총점,4.00,3.9,6.4,-2.5,0.113,486,5027
B12_1,축3_생활건강,우울-우울감,【B12_1 TO B12_9】 우울 척도 총점,5.00,4.5,5.4,-0.8,0.038,486,5027
B12_1,축3_생활건강,우울-우울감,【B12_1 TO B12_9】 우울 척도 총점,6.00,4.7,4.6,0.1,0.006,486,5027
B12_1,축3_생활건강,우울-우울감,【B12_1 TO B12_9】 우울 척도 총점,7.00,3.7,3.8,-0.1,0.005,486,5027
B12_1,축3_생활건강,우울-우울감,【B12_1 TO B12_9】 우울 척도 총점,8.00,3.1,3.6,-0.5,0.026,486,5027
B12_1,축3_생활건강,우울-우울감,【B12_1 TO B12_9】 우울 척도 총점,9.00,4.5,3.8,0.7,0.037,486,5027
B12_1,축3_생활건강,우울-우울감,【B12_1 TO B12_9】 우울 척도 총점,10.00,4.3,2.2,2.2,0.123,486,5027
B12_1,축3_생활건강,우울-우울감,【B12_1 TO B12_9】 우울 척도 총점,11.00,3.7,2.4,1.3,0.078,486,5027
B12_1,축3_생활건강,우울-우울감,【B12_1 TO B12_9】 우울 척도 총점,12.00,3.5,2.7,0.8,0.046,486,5027
B12_1,축3_생활건강,우울-우울감,【B12_1 TO B12_9】 우울 척도 총점,13.00,6.0,2.9,3.0,0.15,486,5027
B12_1,축3_생활건강,우울-우울감,【B12_1 TO B12_9】 우울 척도 총점,14.00,2.7,3.3,-0.7,0.039,486,5027
B12_1,축3_생활건강,우울-우울감,【B12_1 TO B12_9】 우울 척도 총점,15.00,2.7,2.6,0.1,0.006,486,5027
B12_1,축3_생활건강,우울-우울감,【B12_1 TO B12_9】 우울 척도 총점,16.00,4.5,1.9,2.7,0.156,486,5027
B12_1,축3_생활건강,우울-우울감,【B12_1 TO B12_9】 우울 척도 총점,17.00,5.6,1.5,4.1,0.234,486,5027
B12_1,축3_생활건강,우울-우울감,【B12_1 TO B12_9】 우울 척도 총점,18.00,4.3,1.2,3.2,0.204,486,5027
B12_1,축3_생활건강,우울-우울감,【B12_1 TO B12_9】 우울 척도 총점,19.00,2.1,0.9,1.2,0.103,486,5027
B12_1,축3_생활건강,우울-우울감,【B12_1 TO B12_9】 우울 척도 총점,20.00,2.7,0.8,1.9,0.154,486,5027
B12_1,축3_생활건강,우울-우울감,【B12_1 TO B12_9】 우울 척도 총점,21.00,1.4,0.7,0.8,0.078,486,5027
B12_1,축3_생활건강,우울-우울감,【B12_1 TO B12_9】 우울 척도 총점,22.00,1.2,0.5,0.7,0.082,486,5027
B12_1,축3_생활건강,우울-우울감,【B12_1 TO B12_9】 우울 척도 총점,23.00,1.9,0.4,1.5,0.15,486,5027
B12_1,축3_생활건강,우울-우울감,【B12_1 TO B12_9】 우울 척도 총점,24.00,2.3,0.3,2.0,0.2,486,5027
B12_1,축3_생활건강,우울-우울감,【B12_1 TO B12_9】 우울 척도 총점,25.00,1.0,0.1,0.9,0.129,486,5027
B12_1,축3_생활건강,우울-우울감,【B12_1 TO B12_9】 우울 척도 총점,26.00,1.2,0.0,1.2,0.183,486,5027
B12_1,축3_생활건강,우울-우울감,【B12_1 TO B12_9】 우울 척도 총점,27.00,6.6,0.4,6.2,0.393,486,5027
